"[[222., 150.],
 [232., 156.],
 [215., 185.],
 [156., 187.],
 [158., 199.],
 [ 51., 203.],
 [ 96., 203.],
 [ 90.,  39.],
 [158., 150.],
 [158., 154.],
 [ 55., 136.],
 [ 78., 144.],
 [162.,  72.],
 [181.,  76.],
 [152.,  99.],
 [168., 105.],
 [ 74.,  87.],
 [ 90.,  87.]]",
"[[108.,  76.],
 [103.,  76.],
 [103., 100.],
 [157., 170.],
 [131., 180.],
 [234., 178.],
 [184., 180.],
 [184.,  83.],
 [136., 154.],
 [136., 154.],
 [220., 143.],
 [192., 152.],
 [157.,  99.],
 [121., 100.],
 [158., 123.],
 [111., 123.],
 [210., 112.],
 [174., 118.]]",
"[[178.,  84.],
 [180.,  84.],
 [138.,  82.],
 [132., 144.],
 [193., 168.],
 [239.,  67.],
 [131.,  93.],
 [219., 142.],
 [122., 174.],
 [123., 173.],
 [149.,  91.],
 [148.,  78.],
 [173.,  73.],
 [120.,  73.],
 [183., 117.],
 [147., 114.],
 [193., 169.],
 [200., 152.]]",
"[[386., 314.],
 [391., 314.],
 [507., 271.],
 [502., 275.],
 [507., 271.],
 [381., 324.],
 [381., 324.],
 [400., 363.],
 [502., 314.],
 [478., 309.],
 [502., 309.],
 [502., 324.],
 [444., 358.],
 [430., 319.],
 [473., 387.],
 [488., 329.],
 [473., 329.],
 [459., 373.]]",
"[[261., 340.],
 [249., 344.],
 [241., 444.],
 [543., 666.],
 [290., 678.],
 [539., 670.],
 [539., 670.],
 [491., 408.],
 [350., 658.],
 [314., 637.],
 [539., 585.],
 [475., 654.],
 [418., 448.],
 [334., 432.],
 [418., 553.],
 [314., 513.],
 [547., 529.],
 [442., 509.]]",
"[[231., 109.],
 [237., 106.],
 [229., 139.],
 [137., 176.],
 [205., 172.],
 [106., 174.],
 [ 36., 176.],
 [ 97.,  67.],
 [156., 144.],
 [194., 139.],
 [ 86., 135.],
 [ 56., 130.],
 [172.,  85.],
 [170.,  76.],
 [167., 106.],
 [167., 100.],
 [100., 102.],
 [ 76.,  98.]]",
"[[267.,  89.],
 [267.,  91.],
 [267., 115.],
 [237., 193.],
 [267., 202.],
 [221., 200.],
 [166., 196.],
 [186.,  99.],
 [249., 174.],
 [255., 176.],
 [205., 165.],
 [173., 161.],
 [241., 111.],
 [235., 115.],
 [248., 134.],
 [236., 142.],
 [195., 126.],
 [169., 131.]]",
"[[246.,  52.],
 [256.,  47.],
 [271.,  81.],
 [200., 260.],
 [217., 268.],
 [ 70., 280.],
 [106., 285.],
 [ 97.,  96.],
 [202., 216.],
 [224., 214.],
 [ 65., 209.],
 [ 82., 219.],
 [195., 113.],
 [207., 116.],
 [200., 155.],
 [217., 157.],
 [ 87., 145.],
 [ 84., 153.]]",
"[[514., 291.],
 [521., 291.],
 [535., 551.],
 [542., 565.],
 [542., 565.],
 [542., 572.],
 [542., 572.],
 [178.,  64.],
 [528., 476.],
 [528., 483.],
 [535., 455.],
 [535., 448.],
 [364., 208.],
 [460., 188.],
 [370., 318.],
 [501., 298.],
 [528., 291.],
 [521., 270.]]",
"[[130.,  44.],
 [133.,  44.],
 [124.,  68.],
 [170., 173.],
 [180., 169.],
 [238., 179.],
 [243., 169.],
 [226.,  68.],
 [172., 143.],
 [177., 140.],
 [241., 136.],
 [241., 129.],
 [166.,  81.],
 [172.,  77.],
 [164., 109.],
 [172., 102.],
 [235., 100.],
 [235.,  95.]]",
"[[ 61.,  89.],
 [ 68.,  91.],
 [ 56., 119.],
 [149., 192.],
 [149., 189.],
 [248., 194.],
 [252., 187.],
 [236.,  61.],
 [152., 157.],
 [152., 154.],
 [257., 147.],
 [257., 138.],
 [142.,  84.],
 [149.,  84.],
 [147., 115.],
 [154., 110.],
 [252., 103.],
 [238., 101.]]",
"[[341., 323.],
 [335., 328.],
 [335., 455.],
 [488., 592.],
 [546., 603.],
 [573., 608.],
 [478., 587.],
 [520., 244.],
 [504., 518.],
 [409., 587.],
 [562., 492.],
 [504., 487.],
 [525., 365.],
 [351., 365.],
 [562., 492.],
 [351., 481.],
 [594., 392.],
 [472., 365.]]",
"[[291., 362.],
 [288., 355.],
 [302., 373.],
 [515., 503.],
 [515., 503.],
 [342., 695.],
 [342., 695.],
 [219., 362.],
 [501., 489.],
 [497., 489.],
 [385., 695.],
 [302., 590.],
 [346., 337.],
 [375., 341.],
 [422., 427.],
 [425., 460.],
 [393., 695.],
 [237., 558.]]",
"[[131., 105.],
 [ 98., 102.],
 [107., 189.],
 [208., 228.],
 [185., 231.],
 [236., 191.],
 [233., 191.],
 [236.,  95.],
 [206., 228.],
 [187., 228.],
 [252., 168.],
 [236., 161.],
 [222., 133.],
 [161., 123.],
 [229., 177.],
 [166., 167.],
 [255., 154.],
 [215., 126.]]",
"[[ 42., 104.],
 [ 42., 100.],
 [ 36., 158.],
 [110., 289.],
 [112., 289.],
 [110., 287.],
 [108., 287.],
 [ 54.,  80.],
 [126., 248.],
 [128., 248.],
 [128., 250.],
 [128., 240.],
 [136., 115.],
 [103., 113.],
 [124., 182.],
 [112., 162.],
 [128., 182.],
 [138., 147.]]",
"[[432., 268.],
 [154., 288.],
 [452., 308.],
 [346., 559.],
 [366., 559.],
 [379., 625.],
 [372., 559.],
 [201., 162.],
 [386., 671.],
 [386., 658.],
 [399., 632.],
 [498., 605.],
 [419., 281.],
 [240., 255.],
 [419., 427.],
 [439., 473.],
 [141., 387.],
 [478., 407.]]",
"[[262.,  36.],
 [271.,  33.],
 [278.,  67.],
 [192., 201.],
 [192., 209.],
 [ 69., 199.],
 [ 79., 218.],
 [101.,  62.],
 [192., 161.],
 [190., 165.],
 [ 72., 144.],
 [ 72., 158.],
 [190.,  74.],
 [197.,  79.],
 [190., 105.],
 [197., 117.],
 [ 93., 100.],
 [ 81., 110.]]",
"[[132.,  89.],
 [135.,  91.],
 [106., 117.],
 [193., 210.],
 [193., 210.],
 [165., 256.],
 [191., 210.],
 [ 72., 230.],
 [188., 210.],
 [188., 212.],
 [187., 212.],
 [187., 210.],
 [183., 114.],
 [145., 107.],
 [183., 173.],
 [114., 146.],
 [108., 218.],
 [120., 227.]]",
"[[426., 261.],
 [426., 261.],
 [405., 314.],
 [561., 524.],
 [469., 513.],
 [728., 524.],
 [668., 517.],
 [654., 321.],
 [547., 474.],
 [448., 449.],
 [700., 456.],
 [689., 449.],
 [522., 350.],
 [522., 339.],
 [529., 406.],
 [504., 389.],
 [686., 406.],
 [661., 374.]]",
"[[363., 218.],
 [379., 218.],
 [348., 281.],
 [411., 600.],
 [533., 541.],
 [682., 604.],
 [647., 604.],
 [595., 281.],
 [434., 509.],
 [473., 505.],
 [670., 478.],
 [662., 478.],
 [426., 328.],
 [477., 328.],
 [418., 407.],
 [493., 399.],
 [592., 375.],
 [643., 371.]]",
"[[ 62., 170.],
 [ 65., 204.],
 [138.,  93.],
 [138.,  89.],
 [ 36., 190.],
 [ 50., 101.],
 [ 50., 102.],
 [ 71.,  72.],
 [ 91., 199.],
 [ 84., 182.],
 [ 83.,  80.],
 [ 61.,  85.],
 [ 69.,  77.],
 [ 96.,  89.],
 [ 56.,  93.],
 [ 83., 148.],
 [101.,  98.],
 [ 56.,  92.]]",
"[[315., 447.],
 [327., 441.],
 [174., 623.],
 [356., 829.],
 [362., 835.],
 [356., 835.],
 [351., 829.],
 [486., 488.],
 [280., 818.],
 [362., 729.],
 [480., 806.],
 [557., 782.],
 [274., 600.],
 [327., 541.],
 [262., 712.],
 [368., 670.],
 [409., 653.],
 [557., 623.]]",
"[[264.,  84.],
 [275.,  87.],
 [261., 132.],
 [277., 230.],
 [269., 241.],
 [ 65., 273.],
 [113., 273.],
 [ 83., 119.],
 [261., 190.],
 [261., 193.],
 [ 62., 222.],
 [ 76., 235.],
 [195., 108.],
 [200., 113.],
 [208., 148.],
 [216., 161.],
 [ 97., 169.],
 [ 86., 190.]]",
"[[418., 186.],
 [418., 181.],
 [352., 530.],
 [423., 175.],
 [423., 175.],
 [423., 175.],
 [429., 175.],
 [418., 181.],
 [480., 407.],
 [475., 407.],
 [398., 191.],
 [403., 191.],
 [454., 324.],
 [465., 324.],
 [475., 396.],
 [459., 396.],
 [423., 186.],
 [377., 237.]]",
"[[ 45.,  99.],
 [ 48.,  99.],
 [ 39., 124.],
 [ 70., 255.],
 [ 54., 243.],
 [147., 183.],
 [194., 162.],
 [172., 106.],
 [ 77., 212.],
 [ 75., 209.],
 [194., 158.],
 [190., 151.],
 [ 97., 137.],
 [ 97., 131.],
 [ 91., 169.],
 [ 93., 162.],
 [192., 144.],
 [169., 137.]]",
"[[398., 103.],
 [405., 103.],
 [390., 103.],
 [390.,  88.],
 [390.,  88.],
 [506., 498.],
 [390.,  88.],
 [390.,  96.],
 [521., 428.],
 [521., 428.],
 [537., 413.],
 [529., 405.],
 [367., 235.],
 [382., 235.],
 [382., 343.],
 [382., 320.],
 [498., 289.],
 [498., 274.]]",
"[[ 59.,  45.],
 [ 67.,  47.],
 [ 59.,  79.],
 [109., 222.],
 [112., 218.],
 [249., 220.],
 [200., 222.],
 [207.,  73.],
 [116., 178.],
 [118., 174.],
 [238., 163.],
 [215., 170.],
 [107.,  87.],
 [118.,  89.],
 [112., 125.],
 [116., 121.],
 [228., 119.],
 [211., 115.]]",
"[[ 68.,  95.],
 [ 50.,  95.],
 [ 48., 134.],
 [120., 283.],
 [ 90., 280.],
 [223., 267.],
 [180., 270.],
 [175., 112.],
 [116., 243.],
 [ 94., 241.],
 [215., 210.],
 [188., 217.],
 [118., 147.],
 [ 83., 145.],
 [123., 184.],
 [ 79., 182.],
 [212., 162.],
 [169., 160.]]",
"[[ 58., 132.],
 [ 64., 125.],
 [ 80., 164.],
 [128., 259.],
 [116., 253.],
 [223., 287.],
 [185., 275.],
 [207., 110.],
 [128., 219.],
 [123., 217.],
 [239., 239.],
 [221., 226.],
 [117., 132.],
 [123., 123.],
 [121., 169.],
 [121., 159.],
 [225., 162.],
 [214., 150.]]",
"[[ 19.,  59.],
 [ 28.,  62.],
 [ 17., 104.],
 [129., 220.],
 [141., 208.],
 [259., 217.],
 [217., 197.],
 [248.,  45.],
 [141., 174.],
 [144., 169.],
 [271., 160.],
 [245., 149.],
 [132.,  78.],
 [132.,  70.],
 [138., 126.],
 [138., 107.],
 [268., 110.],
 [240.,  90.]]",
"[[ 67.,  56.],
 [ 43.,  56.],
 [ 40., 105.],
 [153., 272.],
 [124., 267.],
 [219., 230.],
 [192., 220.],
 [195.,  98.],
 [146., 225.],
 [129., 225.],
 [214., 176.],
 [200., 174.],
 [158., 129.],
 [109., 125.],
 [161., 171.],
 [109., 166.],
 [224., 139.],
 [178., 134.]]",
"[[218.,  54.],
 [198.,  56.],
 [209., 107.],
 [179., 224.],
 [168., 226.],
 [162., 224.],
 [ 92., 224.],
 [123.,  40.],
 [187., 204.],
 [174., 220.],
 [103., 148.],
 [ 97., 163.],
 [202.,  75.],
 [151.,  81.],
 [205., 127.],
 [151., 131.],
 [138.,  97.],
 [ 84., 109.]]",
"[[276.,  90.],
 [287.,  90.],
 [282., 127.],
 [170., 216.],
 [234., 202.],
 [100., 202.],
 [ 28., 222.],
 [111.,  82.],
 [187., 180.],
 [240., 166.],
 [ 89., 157.],
 [ 56., 160.],
 [204.,  99.],
 [209., 104.],
 [201., 129.],
 [212., 138.],
 [109., 118.],
 [ 83., 127.]]",
"[[338., 434.],
 [338., 434.],
 [338., 438.],
 [338., 430.],
 [338., 430.],
 [338., 430.],
 [338., 430.],
 [338., 430.],
 [330., 438.],
 [334., 438.],
 [253., 442.],
 [257., 446.],
 [442., 430.],
 [434., 430.],
 [422., 438.],
 [362., 438.],
 [338., 438.],
 [334., 438.]]",
"[[631., 456.],
 [627., 456.],
 [662., 460.],
 [657., 460.],
 [662., 460.],
 [662., 456.],
 [657., 460.],
 [657., 456.],
 [670., 569.],
 [675., 569.],
 [618., 456.],
 [636., 473.],
 [597., 539.],
 [597., 539.],
 [675., 552.],
 [605., 556.],
 [662., 465.],
 [653., 469.]]",
"[[571., 235.],
 [555., 243.],
 [565., 305.],
 [525., 429.],
 [528., 429.],
 [420., 437.],
 [369., 456.],
 [344., 289.],
 [536., 380.],
 [460., 450.],
 [390., 402.],
 [342., 415.],
 [482., 272.],
 [455., 299.],
 [512., 318.],
 [444., 359.],
 [379., 332.],
 [339., 369.]]",
"[[523., 394.],
 [536., 401.],
 [511., 431.],
 [406., 438.],
 [462., 436.],
 [347., 433.],
 [344., 438.],
 [349., 244.],
 [423., 391.],
 [460., 391.],
 [349., 369.],
 [339., 374.],
 [462., 289.],
 [474., 296.],
 [445., 323.],
 [464., 333.],
 [369., 306.],
 [317., 308.]]",
"[[ 62., 100.],
 [ 67.,  97.],
 [ 60., 124.],
 [166., 201.],
 [102., 199.],
 [234., 212.],
 [237., 203.],
 [208.,  93.],
 [153., 175.],
 [115., 175.],
 [241., 173.],
 [239., 166.],
 [131., 122.],
 [137., 108.],
 [133., 148.],
 [137., 133.],
 [221., 142.],
 [221., 124.]]",
"[[107.,  76.],
 [ 86.,  73.],
 [ 74., 125.],
 [ 83., 226.],
 [ 83., 226.],
 [ 69., 127.],
 [ 69., 127.],
 [260., 163.],
 [102., 212.],
 [102., 212.],
 [109., 198.],
 [112., 191.],
 [192.,  87.],
 [147., 127.],
 [161., 210.],
 [123., 177.],
 [142., 149.],
 [182., 101.]]",
"[[ 53.,  88.],
 [ 60.,  91.],
 [ 51., 123.],
 [ 53., 207.],
 [ 53., 207.],
 [240., 209.],
 [238., 209.],
 [215., 105.],
 [ 78., 163.],
 [ 83., 156.],
 [252., 169.],
 [231., 167.],
 [127., 114.],
 [134., 109.],
 [115., 139.],
 [125., 135.],
 [224., 151.],
 [210., 137.]]",
"[[582., 153.],
 [595., 153.],
 [575., 268.],
 [454., 510.],
 [407., 530.],
 [117., 557.],
 [272., 537.],
 [225., 106.],
 [467., 402.],
 [454., 409.],
 [144., 375.],
 [218., 402.],
 [407., 153.],
 [440., 167.],
 [413., 254.],
 [440., 281.],
 [205., 241.],
 [211., 261.]]",
"[[198., 704.],
 [202., 699.],
 [311., 645.],
 [460., 609.],
 [469., 605.],
 [469., 605.],
 [469., 609.],
 [306., 636.],
 [333., 650.],
 [446., 600.],
 [351., 645.],
 [347., 650.],
 [329., 654.],
 [333., 650.],
 [374., 663.],
 [329., 659.],
 [351., 632.],
 [356., 672.]]",
"[[104., 125.],
 [107., 124.],
 [102., 141.],
 [122., 208.],
 [141., 182.],
 [172., 175.],
 [174., 167.],
 [169., 112.],
 [130., 171.],
 [139., 163.],
 [177., 150.],
 [178., 145.],
 [133., 130.],
 [132., 127.],
 [137., 146.],
 [134., 140.],
 [179., 131.],
 [170., 129.]]",
"[[ 58.,  65.],
 [ 63.,  70.],
 [ 47., 103.],
 [ 85., 222.],
 [166., 227.],
 [290., 227.],
 [204., 222.],
 [215.,  86.],
 [ 90., 173.],
 [142., 186.],
 [263., 170.],
 [231., 170.],
 [131., 103.],
 [131., 105.],
 [128., 138.],
 [128., 135.],
 [239., 132.],
 [215., 127.]]",
"[[105., 164.],
 [110., 164.],
 [263., 176.],
 [232., 334.],
 [232., 334.],
 [263., 176.],
 [266., 176.],
 [253., 332.],
 [234., 320.],
 [232., 318.],
 [112., 233.],
 [301., 248.],
 [177., 162.],
 [228., 162.],
 [183., 221.],
 [215., 227.],
 [110., 208.],
 [245., 197.]]",
"[[196.,  68.],
 [170.,  67.],
 [194., 117.],
 [145., 205.],
 [117., 175.],
 [117., 177.],
 [ 96., 178.],
 [108.,  88.],
 [147., 183.],
 [147., 190.],
 [111., 149.],
 [ 98., 147.],
 [167., 108.],
 [135., 113.],
 [165., 141.],
 [135., 149.],
 [120., 114.],
 [ 89., 120.]]",
"[[ 86.,  73.],
 [ 93.,  73.],
 [ 88., 105.],
 [ 71., 201.],
 [ 78., 188.],
 [162., 201.],
 [207., 190.],
 [194.,  88.],
 [ 88., 163.],
 [ 92., 157.],
 [192., 157.],
 [216., 149.],
 [123., 102.],
 [130.,  97.],
 [107., 130.],
 [119., 123.],
 [207., 123.],
 [197., 119.]]",
"[[107., 766.],
 [111., 766.],
 [244., 675.],
 [244., 678.],
 [244., 678.],
 [310., 509.],
 [244., 678.],
 [ 91., 577.],
 [231., 646.],
 [235., 639.],
 [215., 623.],
 [222., 629.],
 [140., 600.],
 [140., 574.],
 [176., 610.],
 [192., 600.],
 [153., 558.],
 [140., 593.]]",
"[[405., 754.],
 [424., 761.],
 [398., 819.],
 [307., 851.],
 [307., 864.],
 [122., 894.],
 [191., 890.],
 [184., 563.],
 [317., 780.],
 [317., 790.],
 [129., 774.],
 [165., 790.],
 [327., 621.],
 [388., 641.],
 [314., 676.],
 [369., 699.],
 [148., 660.],
 [184., 696.]]",
"[[350., 461.],
 [354., 461.],
 [345., 465.],
 [345., 465.],
 [345., 465.],
 [345., 465.],
 [345., 465.],
 [486., 288.],
 [372., 456.],
 [372., 456.],
 [386., 456.],
 [377., 456.],
 [441., 379.],
 [436., 383.],
 [441., 433.],
 [441., 429.],
 [445., 406.],
 [427., 438.]]",
"[[224., 110.],
 [229., 117.],
 [227., 117.],
 [258., 208.],
 [258., 208.],
 [257., 210.],
 [258., 210.],
 [258., 213.],
 [251., 181.],
 [219., 138.],
 [240., 151.],
 [219., 149.],
 [229., 122.],
 [237., 154.],
 [240., 155.],
 [243., 161.],
 [221., 221.],
 [230., 219.]]",
"[[ 33.,  98.],
 [ 38.,  97.],
 [ 32., 109.],
 [ 33.,  96.],
 [ 39., 120.],
 [ 81., 187.],
 [ 80., 186.],
 [ 96., 104.],
 [ 53., 149.],
 [ 61., 181.],
 [107., 169.],
 [105., 168.],
 [ 55., 112.],
 [ 66., 105.],
 [ 64., 147.],
 [ 66., 125.],
 [111., 133.],
 [101., 134.]]",
"[[454., 650.],
 [448., 645.],
 [381., 689.],
 [426., 600.],
 [426., 600.],
 [381., 695.],
 [381., 695.],
 [521., 823.],
 [459., 645.],
 [448., 689.],
 [432., 700.],
 [420., 689.],
 [660., 444.],
 [465., 422.],
 [615., 494.],
 [471., 489.],
 [476., 684.],
 [448., 689.]]",
"[[309., 356.],
 [321., 356.],
 [303., 374.],
 [391., 645.],
 [391., 645.],
 [385., 645.],
 [385., 645.],
 [485., 445.],
 [385., 562.],
 [391., 556.],
 [497., 744.],
 [544., 715.],
 [350., 421.],
 [409., 409.],
 [356., 503.],
 [415., 480.],
 [409., 598.],
 [550., 556.]]",
"[[233., 581.],
 [238., 576.],
 [223., 581.],
 [218., 576.],
 [218., 581.],
 [218., 586.],
 [218., 581.],
 [213., 576.],
 [352., 650.],
 [342., 650.],
 [347., 650.],
 [307., 675.],
 [278., 591.],
 [248., 551.],
 [371., 675.],
 [282., 675.],
 [376., 586.],
 [421., 551.]]",
"[[221.,  68.],
 [223.,  69.],
 [230.,  91.],
 [182., 167.],
 [208., 163.],
 [107., 160.],
 [107., 161.],
 [112.,  95.],
 [215., 143.],
 [213., 143.],
 [ 93., 139.],
 [ 90., 144.],
 [175., 100.],
 [177., 103.],
 [180., 120.],
 [182., 126.],
 [112., 117.],
 [103., 127.]]",
"[[540., 486.],
 [926., 514.],
 [745., 756.],
 [707., 542.],
 [707., 542.],
 [707., 542.],
 [707., 542.],
 [712., 542.],
 [735., 565.],
 [740., 570.],
 [759., 561.],
 [763., 556.],
 [870., 565.],
 [861., 570.],
 [815., 561.],
 [810., 565.],
 [843., 547.],
 [843., 551.]]",
"[[519., 323.],
 [519., 317.],
 [357., 377.],
 [357., 365.],
 [525., 317.],
 [357., 371.],
 [357., 371.],
 [507., 293.],
 [501., 712.],
 [507., 700.],
 [322., 706.],
 [519., 718.],
 [495., 365.],
 [495., 371.],
 [549., 514.],
 [489., 568.],
 [477., 556.],
 [567., 508.]]",
"[[565., 616.],
 [311., 235.],
 [557., 878.],
 [557., 900.],
 [565., 900.],
 [557., 900.],
 [557., 893.],
 [512., 310.],
 [512., 781.],
 [520., 781.],
 [505., 773.],
 [512., 392.],
 [512., 340.],
 [311., 340.],
 [467., 400.],
 [333., 437.],
 [520., 332.],
 [512., 347.]]",
"[[ 65.,  73.],
 [ 63.,  71.],
 [ 57., 107.],
 [ 33., 258.],
 [ 23., 235.],
 [138., 256.],
 [185., 254.],
 [182., 118.],
 [ 50., 203.],
 [ 59., 205.],
 [170., 214.],
 [178., 205.],
 [114., 120.],
 [102., 109.],
 [ 89., 163.],
 [ 85., 152.],
 [187., 173.],
 [170., 158.]]",
"[[273., 292.],
 [251., 289.],
 [248., 383.],
 [438., 586.],
 [388., 602.],
 [441., 583.],
 [438., 586.],
 [479., 270.],
 [410., 517.],
 [391., 520.],
 [466., 448.],
 [445., 430.],
 [448., 320.],
 [360., 314.],
 [448., 405.],
 [357., 402.],
 [513., 373.],
 [429., 352.]]",
"[[143., 496.],
 [149., 490.],
 [162., 636.],
 [345., 819.],
 [314., 764.],
 [418., 606.],
 [387., 612.],
 [510., 240.],
 [326., 728.],
 [333., 722.],
 [540., 661.],
 [534., 655.],
 [333., 386.],
 [357., 362.],
 [333., 575.],
 [333., 533.],
 [571., 471.],
 [583., 429.]]",
"[[ 31.,  35.],
 [ 37.,  38.],
 [ 17.,  73.],
 [ 37., 235.],
 [ 46., 220.],
 [280., 211.],
 [164., 226.],
 [202.,  67.],
 [ 63., 185.],
 [ 81., 180.],
 [257., 157.],
 [196., 168.],
 [101.,  93.],
 [104.,  90.],
 [ 92., 136.],
 [ 98., 122.],
 [231., 122.],
 [199., 110.]]",
"[[123.,  91.],
 [128.,  91.],
 [124., 112.],
 [160., 189.],
 [161., 188.],
 [207., 189.],
 [219., 179.],
 [194.,  95.],
 [148., 164.],
 [147., 164.],
 [211., 151.],
 [212., 149.],
 [133., 110.],
 [143., 109.],
 [133., 135.],
 [141., 131.],
 [202., 124.],
 [198., 122.]]",
"[[236.,  76.],
 [239.,  74.],
 [239., 108.],
 [165., 188.],
 [219., 191.],
 [124., 184.],
 [ 50., 184.],
 [ 98.,  74.],
 [176., 158.],
 [204., 154.],
 [100., 143.],
 [ 65., 141.],
 [174.,  87.],
 [169.,  84.],
 [176., 115.],
 [174., 117.],
 [102., 104.],
 [ 78., 110.]]",
"[[ 85.,  57.],
 [ 80.,  56.],
 [ 73.,  85.],
 [141., 192.],
 [131., 190.],
 [218., 180.],
 [217., 176.],
 [194.,  70.],
 [140., 157.],
 [136., 157.],
 [217., 143.],
 [213., 138.],
 [140.,  89.],
 [129.,  84.],
 [141., 120.],
 [129., 113.],
 [213., 108.],
 [194., 105.]]",
"[[162.,  54.],
 [164.,  51.],
 [185.,  66.],
 [146., 217.],
 [133., 222.],
 [ 41., 209.],
 [ 60., 215.],
 [ 69.,  99.],
 [140., 183.],
 [133., 183.],
 [ 49., 163.],
 [ 51., 170.],
 [134., 114.],
 [134., 114.],
 [136., 138.],
 [136., 140.],
 [ 64., 131.],
 [ 52., 131.]]",
"[[166.,  77.],
 [151.,  75.],
 [164., 124.],
 [109., 264.],
 [ 88., 264.],
 [ 68., 256.],
 [ 41., 256.],
 [ 62.,  79.],
 [107., 211.],
 [ 92., 209.],
 [ 64., 190.],
 [ 47., 190.],
 [124., 105.],
 [ 81., 105.],
 [126., 145.],
 [ 73., 145.],
 [ 81., 124.],
 [ 32., 132.]]",
"[[256.,  85.],
 [256.,  88.],
 [266., 131.],
 [194., 230.],
 [223., 239.],
 [ 59., 234.],
 [107., 234.],
 [ 88.,  78.],
 [201., 191.],
 [211., 196.],
 [ 67., 182.],
 [ 86., 189.],
 [182., 100.],
 [165., 107.],
 [192., 136.],
 [175., 150.],
 [ 93., 124.],
 [ 64., 141.]]",
"[[235.,  88.],
 [242.,  90.],
 [235., 125.],
 [172., 210.],
 [172., 212.],
 [ 65., 212.],
 [ 67., 219.],
 [ 87.,  79.],
 [170., 182.],
 [170., 184.],
 [ 61., 164.],
 [ 61., 171.],
 [168., 101.],
 [181., 112.],
 [161., 132.],
 [178., 151.],
 [ 80., 121.],
 [ 65., 129.]]",
"[[238.,  90.],
 [246.,  90.],
 [240., 116.],
 [145., 189.],
 [225., 189.],
 [122., 187.],
 [ 55., 193.],
 [109.,  82.],
 [162., 159.],
 [210., 157.],
 [102., 150.],
 [ 72., 146.],
 [180., 103.],
 [188., 103.],
 [175., 122.],
 [190., 127.],
 [102., 114.],
 [ 89., 116.]]",
"[[484., 334.],
 [473., 323.],
 [475., 382.],
 [579., 452.],
 [582., 452.],
 [691., 438.],
 [694., 435.],
 [694., 287.],
 [585., 441.],
 [588., 438.],
 [708., 399.],
 [708., 379.],
 [602., 340.],
 [568., 312.],
 [610., 390.],
 [568., 365.],
 [719., 359.],
 [680., 331.]]",
"[[525., 535.],
 [509., 690.],
 [548., 561.],
 [380., 743.],
 [383., 746.],
 [380., 749.],
 [377., 739.],
 [532., 729.],
 [410., 719.],
 [403., 729.],
 [413., 726.],
 [426., 706.],
 [492., 693.],
 [499., 716.],
 [443., 696.],
 [436., 700.],
 [443., 693.],
 [482., 680.]]",
"[[ 52.,  44.],
 [ 59.,  49.],
 [ 44.,  73.],
 [136., 186.],
 [ 78., 177.],
 [177., 191.],
 [252., 184.],
 [201.,  73.],
 [117., 157.],
 [ 85., 150.],
 [204., 148.],
 [237., 140.],
 [112.,  87.],
 [117.,  90.],
 [112., 116.],
 [117., 114.],
 [213., 109.],
 [204., 107.]]",
"[[240., 197.],
 [258., 187.],
 [176., 233.],
 [  4., 495.],
 [ 13., 504.],
 [ 13., 495.],
 [167., 694.],
 [692., 450.],
 [149., 504.],
 [149., 495.],
 [158., 504.],
 [204., 613.],
 [412., 468.],
 [439., 378.],
 [303., 550.],
 [348., 459.],
 [502., 740.],
 [520., 513.]]",
"[[247.,  40.],
 [255.,  38.],
 [262.,  70.],
 [242., 188.],
 [242., 188.],
 [122., 190.],
 [ 40., 185.],
 [105.,  70.],
 [222., 155.],
 [260., 115.],
 [100., 160.],
 [ 55., 150.],
 [195.,  80.],
 [195.,  75.],
 [205., 110.],
 [207., 110.],
 [112., 115.],
 [ 87., 118.]]",
"[[813., 308.],
 [785., 308.],
 [806., 393.],
 [651., 555.],
 [637., 551.],
 [553., 523.],
 [553., 527.],
 [510., 252.],
 [641., 470.],
 [634., 474.],
 [528., 428.],
 [524., 435.],
 [687., 283.],
 [595., 301.],
 [676., 365.],
 [588., 375.],
 [553., 329.],
 [479., 354.]]",
"[[ 88., 118.],
 [ 93., 112.],
 [ 95., 145.],
 [124., 198.],
 [165., 191.],
 [225., 196.],
 [206., 191.],
 [216.,  66.],
 [136., 164.],
 [160., 159.],
 [232., 147.],
 [225., 147.],
 [146.,  97.],
 [146.,  92.],
 [149., 123.],
 [149., 116.],
 [232., 107.],
 [221., 102.]]",
"[[641., 462.],
 [433., 424.],
 [593., 675.],
 [652., 963.],
 [652., 963.],
 [598., 664.],
 [593., 659.],
 [241., 659.],
 [657., 883.],
 [662., 883.],
 [625., 568.],
 [582., 568.],
 [534., 494.],
 [369., 558.],
 [620., 632.],
 [439., 701.],
 [673., 478.],
 [236., 717.]]",
"[[425., 162.],
 [425., 162.],
 [425., 168.],
 [402., 348.],
 [404., 346.],
 [404., 348.],
 [402., 348.],
 [470., 292.],
 [425., 271.],
 [429., 273.],
 [425., 341.],
 [431., 341.],
 [359., 189.],
 [429., 197.],
 [433., 255.],
 [429., 255.],
 [481., 214.],
 [431., 331.]]",
"[[634., 332.],
 [655., 335.],
 [641., 399.],
 [560., 586.],
 [458., 569.],
 [343., 559.],
 [343., 559.],
 [424., 321.],
 [553., 515.],
 [550., 515.],
 [400., 471.],
 [397., 471.],
 [543., 365.],
 [560., 369.],
 [536., 420.],
 [546., 430.],
 [414., 389.],
 [417., 389.]]",
"[[176.,  49.],
 [167.,  49.],
 [178.,  75.],
 [151., 158.],
 [194., 178.],
 [ 90., 171.],
 [114., 175.],
 [ 95.,  82.],
 [161., 144.],
 [176., 149.],
 [ 95., 139.],
 [ 97., 144.],
 [151.,  83.],
 [144.,  88.],
 [159., 107.],
 [158., 114.],
 [101., 107.],
 [ 92., 118.]]",
"[[222.,  51.],
 [216.,  49.],
 [227.,  75.],
 [240., 160.],
 [158., 184.],
 [150., 169.],
 [149., 170.],
 [134.,  81.],
 [219., 139.],
 [176., 156.],
 [135., 132.],
 [134., 142.],
 [198.,  85.],
 [168.,  88.],
 [207., 106.],
 [165., 114.],
 [150., 103.],
 [123., 115.]]",
"[[432., 106.],
 [440., 102.],
 [451., 172.],
 [279., 365.],
 [283., 372.],
 [ 94., 384.],
 [177., 400.],
 [173.,  90.],
 [279., 302.],
 [279., 314.],
 [106., 298.],
 [157., 318.],
 [275., 141.],
 [306., 149.],
 [259., 204.],
 [298., 219.],
 [122., 188.],
 [196., 208.]]",
"[[136.,  59.],
 [141.,  54.],
 [161.,  77.],
 [171., 151.],
 [174., 153.],
 [ 69., 289.],
 [105., 289.],
 [ 62., 174.],
 [166., 115.],
 [171., 120.],
 [ 69., 245.],
 [ 85., 250.],
 [108., 120.],
 [115., 113.],
 [131., 130.],
 [141., 120.],
 [ 77., 207.],
 [ 85., 210.]]",
"[[ 96.,  42.],
 [100.,  45.],
 [ 81.,  73.],
 [105., 182.],
 [190., 182.],
 [218., 191.],
 [218., 189.],
 [247.,  78.],
 [126., 153.],
 [167., 158.],
 [287., 161.],
 [242., 158.],
 [152.,  90.],
 [162.,  85.],
 [145., 120.],
 [162., 113.],
 [261., 127.],
 [249., 113.]]",
"[[164.,  84.],
 [148.,  86.],
 [164., 127.],
 [138., 265.],
 [105., 267.],
 [ 80., 257.],
 [ 50., 255.],
 [ 62.,  80.],
 [128., 218.],
 [107., 216.],
 [ 70., 191.],
 [ 52., 189.],
 [140., 109.],
 [ 89., 115.],
 [144., 152.],
 [ 87., 156.],
 [ 85., 123.],
 [ 33., 136.]]",
"[[231.,  46.],
 [226.,  44.],
 [237.,  84.],
 [184., 240.],
 [175., 244.],
 [ 92., 238.],
 [ 52., 238.],
 [101.,  72.],
 [180., 195.],
 [175., 197.],
 [ 80., 180.],
 [ 63., 172.],
 [188.,  97.],
 [171.,  95.],
 [190., 138.],
 [173., 140.],
 [ 99., 125.],
 [ 69., 121.]]",
"[[137., 267.],
 [100., 256.],
 [148., 365.],
 [272., 409.],
 [429., 387.],
 [272., 409.],
 [283., 406.],
 [367.,  29.],
 [345., 263.],
 [444., 314.],
 [451., 307.],
 [349., 241.],
 [382.,  44.],
 [389.,  48.],
 [360., 110.],
 [382., 113.],
 [210.,  80.],
 [195., 113.]]",
"[[125., 324.],
 [138., 324.],
 [315., 320.],
 [315., 315.],
 [319., 315.],
 [315., 320.],
 [315., 320.],
 [174., 233.],
 [310., 301.],
 [306., 301.],
 [328., 243.],
 [288., 247.],
 [220., 288.],
 [202., 229.],
 [247., 401.],
 [233., 374.],
 [292., 220.],
 [283., 229.]]",
"[[232., 115.],
 [238., 119.],
 [228., 143.],
 [146., 166.],
 [146., 172.],
 [ 75., 166.],
 [ 77., 176.],
 [ 81.,  68.],
 [148., 137.],
 [148., 141.],
 [ 71., 129.],
 [ 73., 139.],
 [162.,  76.],
 [168.,  80.],
 [156.,  98.],
 [160., 107.],
 [ 87.,  98.],
 [ 71., 109.]]",
"[[167.,  91.],
 [152.,  95.],
 [180., 114.],
 [127., 193.],
 [127., 193.],
 [129., 193.],
 [129., 193.],
 [202., 207.],
 [137., 172.],
 [136., 175.],
 [ 95., 127.],
 [132., 193.],
 [175., 165.],
 [169., 167.],
 [159., 168.],
 [150., 170.],
 [116., 108.],
 [100., 173.]]",
"[[369., 724.],
 [173., 332.],
 [400., 355.],
 [396., 347.],
 [400., 347.],
 [400., 347.],
 [400., 347.],
 [392., 670.],
 [311., 578.],
 [265., 624.],
 [396., 347.],
 [230., 436.],
 [342., 359.],
 [142., 336.],
 [334., 470.],
 [180., 501.],
 [296., 705.],
 [334., 701.]]",
"[[563., 253.],
 [534., 256.],
 [546., 323.],
 [642., 539.],
 [622., 525.],
 [797., 531.],
 [703., 519.],
 [727., 265.],
 [627., 478.],
 [627., 472.],
 [785., 437.],
 [730., 446.],
 [642., 323.],
 [581., 312.],
 [636., 393.],
 [587., 379.],
 [785., 355.],
 [712., 344.]]",
"[[ 99.,  94.],
 [104.,  93.],
 [104., 115.],
 [132., 175.],
 [135., 173.],
 [195., 173.],
 [184., 169.],
 [181.,  93.],
 [123., 151.],
 [132., 149.],
 [199., 142.],
 [191., 141.],
 [130., 105.],
 [136., 102.],
 [129., 125.],
 [135., 121.],
 [194., 118.],
 [180., 116.]]",
"[[396., 434.],
 [401., 440.],
 [401., 445.],
 [552., 545.],
 [552., 540.],
 [401., 445.],
 [557., 545.],
 [452., 369.],
 [532., 475.],
 [532., 465.],
 [502., 570.],
 [527., 535.],
 [457., 359.],
 [467., 359.],
 [512., 394.],
 [527., 419.],
 [487., 359.],
 [532., 434.]]",
"[[228.,  67.],
 [213.,  69.],
 [220., 108.],
 [200., 179.],
 [178., 185.],
 [137., 159.],
 [136., 167.],
 [144.,  40.],
 [197., 145.],
 [184., 146.],
 [141., 113.],
 [136., 122.],
 [210.,  69.],
 [184.,  72.],
 [212., 101.],
 [181., 103.],
 [155.,  76.],
 [126.,  84.]]",
"[[518., 342.],
 [330., 575.],
 [376., 708.],
 [541., 388.],
 [513., 328.],
 [522., 672.],
 [518., 672.],
 [664., 530.],
 [531., 392.],
 [605., 429.],
 [550., 658.],
 [554., 397.],
 [454., 452.],
 [476., 438.],
 [531., 465.],
 [513., 443.],
 [509., 401.],
 [531., 406.]]",
"[[226.,  35.],
 [238.,  33.],
 [236.,  74.],
 [166., 213.],
 [168., 225.],
 [ 50., 250.],
 [ 80., 253.],
 [ 85.,  40.],
 [161., 162.],
 [159., 167.],
 [ 53., 158.],
 [ 67., 165.],
 [157.,  60.],
 [173.,  58.],
 [152., 100.],
 [171., 102.],
 [ 64.,  95.],
 [ 85.,  91.]]",
"[[111., 235.],
 [123., 229.],
 [141., 277.],
 [153., 283.],
 [226., 280.],
 [386., 289.],
 [326., 286.],
 [347.,  56.],
 [180., 222.],
 [220., 222.],
 [392., 198.],
 [362., 204.],
 [205., 107.],
 [214., 107.],
 [211., 156.],
 [226., 144.],
 [383., 129.],
 [350., 129.]]",
"[[261.,  57.],
 [264.,  55.],
 [266.,  92.],
 [224., 174.],
 [288., 179.],
 [ 91., 185.],
 [137., 197.],
 [111.,  66.],
 [228., 137.],
 [228., 137.],
 [ 91., 148.],
 [113., 159.],
 [191.,  77.],
 [188.,  75.],
 [197., 103.],
 [193., 108.],
 [115., 106.],
 [ 95., 115.]]",
"[[147.,  67.],
 [136.,  66.],
 [138.,  93.],
 [138., 175.],
 [164., 157.],
 [198., 175.],
 [202., 169.],
 [200.,  75.],
 [143., 144.],
 [156., 141.],
 [205., 140.],
 [202., 136.],
 [172.,  87.],
 [155.,  80.],
 [155., 113.],
 [151., 106.],
 [213., 107.],
 [192., 102.]]",
"[[700., 300.],
 [664., 314.],
 [666., 312.],
 [769., 476.],
 [769., 473.],
 [641., 548.],
 [769., 476.],
 [653., 317.],
 [769., 476.],
 [772., 470.],
 [730., 370.],
 [703., 348.],
 [744., 284.],
 [611., 292.],
 [756., 364.],
 [669., 409.],
 [725., 325.],
 [697., 342.]]",
"[[388., 316.],
 [393., 316.],
 [203., 329.],
 [292., 444.],
 [280., 439.],
 [373., 464.],
 [376., 464.],
 [211., 496.],
 [270., 434.],
 [275., 422.],
 [292., 403.],
 [427., 415.],
 [329., 363.],
 [275., 393.],
 [329., 403.],
 [282., 403.],
 [257., 530.],
 [280., 550.]]",
"[[385., 516.],
 [389., 516.],
 [385., 529.],
 [397., 703.],
 [385., 516.],
 [406., 707.],
 [402., 707.],
 [571., 457.],
 [440., 622.],
 [440., 622.],
 [402., 516.],
 [440., 461.],
 [508., 529.],
 [529., 546.],
 [499., 567.],
 [440., 597.],
 [482., 512.],
 [503., 550.]]",
"[[ 63.,  37.],
 [ 67.,  39.],
 [ 54.,  68.],
 [114., 210.],
 [114., 202.],
 [227., 212.],
 [227., 200.],
 [203.,  76.],
 [116., 169.],
 [116., 165.],
 [232., 163.],
 [230., 152.],
 [110.,  91.],
 [116.,  89.],
 [108., 126.],
 [116., 117.],
 [221., 117.],
 [209., 113.]]",
"[[108., 154.],
 [ 96., 141.],
 [141.,  76.],
 [101., 152.],
 [100., 152.],
 [120., 153.],
 [138.,  78.],
 [ 89., 131.],
 [114., 150.],
 [118., 148.],
 [146.,  77.],
 [132.,  70.],
 [177.,  84.],
 [158.,  73.],
 [162., 118.],
 [112., 106.],
 [145.,  75.],
 [129.,  71.]]",
"[[160., 208.],
 [119., 211.],
 [142., 270.],
 [181., 434.],
 [124., 437.],
 [276., 321.],
 [181., 434.],
 [142., 177.],
 [163., 337.],
 [106., 347.],
 [268., 231.],
 [271., 231.],
 [201., 165.],
 [106., 175.],
 [191., 252.],
 [104., 242.],
 [289., 172.],
 [209., 172.]]",
"[[101.,  59.],
 [108.,  57.],
 [109.,  83.],
 [163., 168.],
 [161., 162.],
 [237., 167.],
 [221., 159.],
 [225.,  56.],
 [166., 136.],
 [164., 135.],
 [235., 127.],
 [232., 125.],
 [156.,  73.],
 [159.,  70.],
 [159., 101.],
 [163.,  94.],
 [235.,  94.],
 [225.,  86.]]",
"[[240.,  46.],
 [246.,  42.],
 [253.,  74.],
 [196., 208.],
 [199., 212.],
 [ 85., 212.],
 [ 58., 217.],
 [ 96.,  76.],
 [192., 169.],
 [192., 171.],
 [ 76., 165.],
 [ 58., 165.],
 [180.,  89.],
 [190.,  87.],
 [183., 119.],
 [194., 126.],
 [ 89., 117.],
 [ 78., 121.]]",
"[[180.,  82.],
 [152.,  78.],
 [161., 122.],
 [196., 255.],
 [167., 260.],
 [232., 239.],
 [194., 253.],
 [213., 132.],
 [194., 214.],
 [169., 214.],
 [226., 201.],
 [203., 203.],
 [219., 138.],
 [165., 134.],
 [211., 174.],
 [159., 170.],
 [236., 174.],
 [186., 166.]]",
"[[388., 246.],
 [388., 333.],
 [440., 281.],
 [589., 509.],
 [423., 728.],
 [405., 719.],
 [423., 710.],
 [353., 228.],
 [344., 570.],
 [440., 710.],
 [309., 561.],
 [414., 728.],
 [572., 316.],
 [300., 386.],
 [537., 447.],
 [309., 544.],
 [379., 377.],
 [300., 561.]]",
"[[557., 215.],
 [564., 215.],
 [650., 478.],
 [650., 472.],
 [650., 472.],
 [643., 472.],
 [650., 472.],
 [524., 208.],
 [557., 505.],
 [551., 498.],
 [623., 314.],
 [617., 314.],
 [610., 314.],
 [557., 406.],
 [636., 426.],
 [603., 498.],
 [610., 307.],
 [524., 327.]]",
"[[259., 203.],
 [273., 110.],
 [270., 128.],
 [242., 199.],
 [230., 201.],
 [239., 163.],
 [241., 198.],
 [270.,  96.],
 [227., 180.],
 [228., 181.],
 [235., 149.],
 [215., 157.],
 [239., 101.],
 [206., 127.],
 [255., 154.],
 [209., 154.],
 [275., 113.],
 [206., 150.]]",
"[[ 40., 163.],
 [ 47., 154.],
 [ 58., 192.],
 [ 85., 196.],
 [129., 192.],
 [214., 194.],
 [225., 179.],
 [205.,  29.],
 [101., 152.],
 [127., 150.],
 [225., 130.],
 [221., 114.],
 [107.,  65.],
 [112.,  63.],
 [116.,  98.],
 [121.,  92.],
 [225.,  81.],
 [203.,  72.]]",
"[[709., 254.],
 [810., 250.],
 [579., 237.],
 [575., 355.],
 [474., 355.],
 [545., 313.],
 [545., 300.],
 [760., 203.],
 [596., 338.],
 [671., 355.],
 [604., 300.],
 [709., 359.],
 [722., 266.],
 [650., 254.],
 [713., 350.],
 [638., 317.],
 [751., 300.],
 [697., 271.]]",
"[[223.,  61.],
 [225.,  61.],
 [236.,  82.],
 [179., 173.],
 [150., 177.],
 [123., 175.],
 [106., 180.],
 [114.,  85.],
 [194., 149.],
 [171., 158.],
 [106., 143.],
 [ 95., 142.],
 [176.,  94.],
 [174.,  96.],
 [181., 117.],
 [174., 121.],
 [113., 112.],
 [104., 117.]]",
"[[478., 395.],
 [513., 390.],
 [444., 632.],
 [548., 731.],
 [542., 736.],
 [559., 725.],
 [554., 731.],
 [461., 355.],
 [530., 707.],
 [525., 725.],
 [513., 609.],
 [484., 621.],
 [513., 459.],
 [513., 465.],
 [530., 546.],
 [530., 551.],
 [530., 470.],
 [403., 476.]]",
"[[ 53.,  73.],
 [ 63.,  73.],
 [ 53., 101.],
 [ 41., 180.],
 [ 76., 220.],
 [150., 218.],
 [217., 218.],
 [156.,  95.],
 [ 49., 154.],
 [ 82., 180.],
 [166., 182.],
 [195., 168.],
 [ 76., 107.],
 [ 98., 109.],
 [ 67., 133.],
 [ 96., 135.],
 [152., 141.],
 [170., 137.]]",
"[[258.,  45.],
 [269.,  43.],
 [277.,  77.],
 [198., 244.],
 [198., 252.],
 [ 62., 247.],
 [ 59., 257.],
 [ 96.,  92.],
 [198., 200.],
 [198., 205.],
 [ 67., 186.],
 [ 62., 200.],
 [195., 103.],
 [201., 108.],
 [198., 137.],
 [203., 150.],
 [ 96., 137.],
 [ 75., 147.]]",
"[[114., 221.],
 [130., 209.],
 [145., 272.],
 [236., 288.],
 [310., 288.],
 [471., 311.],
 [420., 296.],
 [408.,  36.],
 [243., 221.],
 [283., 221.],
 [448., 205.],
 [436., 201.],
 [228.,  88.],
 [243.,  80.],
 [236., 146.],
 [267., 131.],
 [440., 131.],
 [416., 115.]]",
"[[208.,  45.],
 [212.,  43.],
 [224.,  68.],
 [145., 175.],
 [239., 159.],
 [107., 162.],
 [ 45., 175.],
 [105.,  79.],
 [159., 146.],
 [215., 135.],
 [ 87., 135.],
 [ 65., 137.],
 [170.,  90.],
 [177.,  92.],
 [172., 110.],
 [183., 112.],
 [ 98., 106.],
 [ 87., 110.]]",
"[[521., 454.],
 [526., 459.],
 [526., 463.],
 [319., 523.],
 [319., 528.],
 [319., 528.],
 [314., 528.],
 [363., 246.],
 [516., 449.],
 [516., 454.],
 [353., 439.],
 [324., 429.],
 [487., 330.],
 [383., 325.],
 [506., 419.],
 [521., 434.],
 [398., 340.],
 [304., 360.]]",
"[[212.,  48.],
 [212.,  45.],
 [242.,  77.],
 [229., 231.],
 [234., 231.],
 [135., 268.],
 [ 78., 286.],
 [ 78., 142.],
 [217., 184.],
 [219., 182.],
 [ 95., 231.],
 [ 68., 236.],
 [170., 112.],
 [152., 115.],
 [192., 149.],
 [180., 154.],
 [103., 182.],
 [ 73., 194.]]",
"[[241.,  42.],
 [251.,  39.],
 [259.,  78.],
 [174., 240.],
 [202., 242.],
 [ 74., 258.],
 [ 76., 260.],
 [ 94.,  65.],
 [176., 191.],
 [184., 188.],
 [ 53., 178.],
 [ 58., 183.],
 [179.,  91.],
 [197.,  88.],
 [179., 127.],
 [200., 132.],
 [ 76., 117.],
 [ 76., 114.]]",
"[[105., 297.],
 [110., 302.],
 [ 82., 336.],
 [ 66., 525.],
 [ 66., 525.],
 [ 66., 525.],
 [194., 553.],
 [188., 341.],
 [199., 520.],
 [105., 492.],
 [ 99., 436.],
 [216., 470.],
 [211., 420.],
 [166., 397.],
 [222., 470.],
 [211., 486.],
 [222., 459.],
 [222., 431.]]",
"[[193.,  90.],
 [198.,  88.],
 [201., 106.],
 [154., 153.],
 [198., 164.],
 [137., 164.],
 [137., 165.],
 [121.,  99.],
 [161., 144.],
 [185., 144.],
 [123., 141.],
 [123., 141.],
 [164., 108.],
 [168., 109.],
 [164., 122.],
 [173., 124.],
 [118., 118.],
 [114., 121.]]",
"[[232.,  56.],
 [242.,  56.],
 [240.,  85.],
 [145., 182.],
 [209., 172.],
 [ 88., 189.],
 [ 80., 206.],
 [ 93.,  52.],
 [158., 144.],
 [194., 147.],
 [ 76., 142.],
 [ 76., 151.],
 [173.,  73.],
 [196.,  79.],
 [169., 100.],
 [198., 113.],
 [ 80.,  92.],
 [ 82., 106.]]",
"[[328., 156.],
 [340., 150.],
 [119., 428.],
 [309., 625.],
 [309., 625.],
 [309., 631.],
 [315., 631.],
 [486., 428.],
 [321., 498.],
 [328., 498.],
 [524., 758.],
 [518., 739.],
 [302., 422.],
 [315., 416.],
 [328., 473.],
 [328., 473.],
 [480., 619.],
 [486., 562.]]",
"[[ 84., 765.],
 [ 88., 765.],
 [404., 399.],
 [ 88., 761.],
 [ 88., 761.],
 [416., 396.],
 [416., 392.],
 [404., 407.],
 [157., 765.],
 [107., 757.],
 [400., 460.],
 [400., 502.],
 [263., 613.],
 [191., 586.],
 [423., 552.],
 [290., 605.],
 [339., 464.],
 [416., 479.]]",
"[[ 32.,  93.],
 [ 32.,  95.],
 [ 35., 133.],
 [178., 186.],
 [123., 186.],
 [228., 186.],
 [228., 178.],
 [213.,  47.],
 [159., 150.],
 [118., 147.],
 [230., 135.],
 [230., 128.],
 [137.,  64.],
 [123.,  71.],
 [149., 100.],
 [121., 100.],
 [235.,  90.],
 [209.,  90.]]",
"[[239.,  39.],
 [246.,  34.],
 [260.,  62.],
 [195., 221.],
 [192., 228.],
 [ 89., 231.],
 [ 57., 235.],
 [101.,  79.],
 [192., 177.],
 [190., 182.],
 [ 75., 172.],
 [ 68., 170.],
 [190.,  95.],
 [199.,  93.],
 [190., 125.],
 [199., 128.],
 [ 89., 121.],
 [ 85., 118.]]",
"[[356., 249.],
 [373., 245.],
 [382., 232.],
 [568., 342.],
 [568., 342.],
 [568., 342.],
 [572., 342.],
 [356., 232.],
 [513., 351.],
 [509., 351.],
 [568., 486.],
 [568., 486.],
 [369., 338.],
 [377., 313.],
 [420., 355.],
 [420., 338.],
 [416., 334.],
 [411., 351.]]",
"[[239.,  60.],
 [245.,  58.],
 [249.,  75.],
 [120., 163.],
 [174., 167.],
 [ 67., 159.],
 [ 56., 172.],
 [ 73.,  45.],
 [131., 133.],
 [163., 135.],
 [ 56., 118.],
 [ 52., 124.],
 [159.,  69.],
 [163.,  75.],
 [148.,  90.],
 [161., 101.],
 [ 71.,  79.],
 [ 56.,  86.]]",
"[[ 54., 231.],
 [ 39., 233.],
 [ 43., 121.],
 [128., 197.],
 [ 37., 230.],
 [ 43., 121.],
 [112., 197.],
 [129., 101.],
 [ 41., 226.],
 [ 41., 227.],
 [ 92., 143.],
 [ 84., 144.],
 [144., 117.],
 [ 57., 126.],
 [111., 193.],
 [ 50., 175.],
 [ 91., 117.],
 [ 47., 114.]]",
"[[248.,  34.],
 [259.,  29.],
 [265.,  67.],
 [213., 191.],
 [194., 205.],
 [ 27., 207.],
 [ 59., 216.],
 [ 97.,  56.],
 [216., 151.],
 [197., 159.],
 [ 48., 145.],
 [ 59., 153.],
 [189.,  75.],
 [202.,  69.],
 [192., 105.],
 [205., 105.],
 [ 83.,  99.],
 [ 81., 102.]]",
"[[ 32.,  48.],
 [ 40.,  43.],
 [ 37.,  91.],
 [ 95., 197.],
 [ 45., 176.],
 [190., 207.],
 [193., 202.],
 [231.,  69.],
 [ 70., 164.],
 [ 50., 141.],
 [223., 166.],
 [223., 161.],
 [120.,  84.],
 [120.,  64.],
 [108., 126.],
 [100.,  99.],
 [236., 136.],
 [216., 106.]]",
"[[182.,  91.],
 [187.,  88.],
 [190., 108.],
 [123., 177.],
 [168., 177.],
 [104., 176.],
 [ 60., 179.],
 [ 96.,  97.],
 [135., 152.],
 [159., 152.],
 [ 93., 147.],
 [ 71., 144.],
 [146., 108.],
 [151., 108.],
 [145., 124.],
 [153., 125.],
 [ 93., 121.],
 [ 85., 122.]]",
"[[239.,  71.],
 [244.,  69.],
 [249., 100.],
 [184., 191.],
 [226., 175.],
 [ 75., 188.],
 [ 93., 198.],
 [ 83.,  74.],
 [182., 162.],
 [215., 141.],
 [ 70., 152.],
 [ 72., 159.],
 [169.,  92.],
 [176.,  92.],
 [171., 118.],
 [184., 121.],
 [ 78., 110.],
 [ 75., 121.]]",
"[[ 16.,  63.],
 [ 28.,  66.],
 [ 19., 111.],
 [131., 251.],
 [ 95., 248.],
 [241., 254.],
 [243., 251.],
 [224.,  75.],
 [120., 198.],
 [106., 195.],
 [260., 192.],
 [260., 178.],
 [ 98.,  97.],
 [115.,  97.],
 [101., 142.],
 [117., 133.],
 [252., 131.],
 [235., 122.]]",
"[[ 91.,  50.],
 [ 95.,  50.],
 [ 95.,  80.],
 [114., 204.],
 [132., 197.],
 [241., 190.],
 [241., 185.],
 [202.,  53.],
 [121., 161.],
 [128., 159.],
 [241., 139.],
 [239., 129.],
 [112.,  78.],
 [121.,  78.],
 [112., 111.],
 [125., 106.],
 [223.,  92.],
 [213.,  90.]]",
"[[294., 170.],
 [297., 170.],
 [300., 227.],
 [229., 438.],
 [189., 441.],
 [100., 421.],
 [ 49., 426.],
 [ 92., 187.],
 [220., 378.],
 [195., 378.],
 [ 86., 338.],
 [ 61., 329.],
 [232., 227.],
 [192., 232.],
 [243., 289.],
 [180., 289.],
 [115., 249.],
 [ 49., 261.]]",
"[[233.,  49.],
 [235.,  52.],
 [226.,  96.],
 [215., 120.],
 [215., 116.],
 [204., 176.],
 [202., 176.],
 [ 47., 107.],
 [204., 116.],
 [204., 114.],
 [144., 196.],
 [149., 198.],
 [142.,  67.],
 [178.,  78.],
 [147., 100.],
 [186., 118.],
 [ 76., 154.],
 [127., 167.]]",
"[[471., 318.],
 [399., 336.],
 [148., 438.],
 [554., 713.],
 [423., 659.],
 [572., 767.],
 [572., 767.],
 [381., 205.],
 [530., 623.],
 [429., 659.],
 [465., 420.],
 [518., 599.],
 [471., 283.],
 [315., 330.],
 [536., 450.],
 [363., 504.],
 [488., 307.],
 [518., 378.]]",
"[[145., 275.],
 [139., 289.],
 [132., 437.],
 [342., 641.],
 [342., 647.],
 [125., 437.],
 [524., 756.],
 [477., 343.],
 [274., 688.],
 [274., 681.],
 [518., 654.],
 [518., 654.],
 [294., 437.],
 [281., 424.],
 [274., 553.],
 [274., 532.],
 [531., 519.],
 [464., 478.]]",
"[[225.,  61.],
 [229.,  61.],
 [237.,  88.],
 [181., 163.],
 [212., 169.],
 [107., 156.],
 [130., 167.],
 [ 99.,  78.],
 [196., 142.],
 [202., 142.],
 [ 84., 138.],
 [103., 148.],
 [169.,  86.],
 [171.,  94.],
 [171., 109.],
 [175., 121.],
 [103., 103.],
 [ 96., 123.]]",
"[[ 38.,  35.],
 [ 46.,  40.],
 [ 23.,  69.],
 [122., 200.],
 [119., 192.],
 [235., 197.],
 [237., 194.],
 [219.,  37.],
 [122., 152.],
 [122., 150.],
 [245., 142.],
 [248., 129.],
 [114.,  63.],
 [122.,  66.],
 [117., 100.],
 [125.,  97.],
 [240.,  84.],
 [227.,  84.]]",
"[[ 55.,  69.],
 [ 62.,  71.],
 [ 48., 100.],
 [162., 202.],
 [ 67., 204.],
 [181., 207.],
 [253., 192.],
 [203.,  81.],
 [138., 176.],
 [ 91., 169.],
 [207., 164.],
 [238., 152.],
 [117., 100.],
 [124., 100.],
 [119., 133.],
 [122., 128.],
 [217., 123.],
 [207., 119.]]",
"[[256.,  78.],
 [263.,  78.],
 [268., 115.],
 [261., 233.],
 [171., 245.],
 [ 57., 245.],
 [130., 245.],
 [103., 110.],
 [241., 195.],
 [183., 207.],
 [ 72., 195.],
 [101., 202.],
 [195., 122.],
 [202., 124.],
 [198., 153.],
 [205., 161.],
 [ 98., 151.],
 [ 91., 161.]]",
"[[ 78., 187.],
 [ 87., 187.],
 [ 84., 214.],
 [167., 251.],
 [167., 249.],
 [244., 251.],
 [244., 244.],
 [236., 121.],
 [158., 212.],
 [144., 199.],
 [249., 205.],
 [247., 195.],
 [164., 138.],
 [158., 142.],
 [169., 167.],
 [160., 169.],
 [257., 156.],
 [230., 158.]]",
"[[145.,  59.],
 [120.,  59.],
 [145., 102.],
 [159., 252.],
 [104., 270.],
 [ 63., 247.],
 [ 60., 252.],
 [ 44., 112.],
 [152., 203.],
 [104., 222.],
 [ 58., 199.],
 [ 51., 203.],
 [129., 112.],
 [ 81., 123.],
 [141., 146.],
 [ 81., 164.],
 [ 74., 151.],
 [ 26., 164.]]",
"[[ 86.,  70.],
 [ 62.,  76.],
 [ 83., 106.],
 [ 70., 255.],
 [ 70., 255.],
 [168., 255.],
 [135., 251.],
 [129., 107.],
 [ 88., 238.],
 [ 90., 234.],
 [157., 201.],
 [137., 206.],
 [ 99., 132.],
 [ 55., 135.],
 [ 55., 176.],
 [ 51., 171.],
 [161., 156.],
 [118., 154.]]",
"[[108.,  55.],
 [112.,  55.],
 [ 96.,  81.],
 [173., 187.],
 [173., 186.],
 [211., 207.],
 [247., 207.],
 [207.,  76.],
 [169., 160.],
 [171., 156.],
 [216., 163.],
 [228., 156.],
 [152.,  92.],
 [169.,  87.],
 [153., 123.],
 [173., 113.],
 [199., 121.],
 [230., 113.]]",
"[[106., 141.],
 [106., 139.],
 [101., 175.],
 [150., 301.],
 [103., 285.],
 [224., 298.],
 [222., 296.],
 [238., 175.],
 [146., 265.],
 [103., 238.],
 [240., 258.],
 [218., 256.],
 [128., 155.],
 [143., 150.],
 [115., 200.],
 [117., 191.],
 [249., 226.],
 [226., 202.]]",
