"[[551., 343.],
 [563., 349.],
 [491., 355.],
 [426., 574.],
 [426., 574.],
 [426., 574.],
 [426., 574.],
 [610., 373.],
 [420., 562.],
 [426., 568.],
 [367., 610.],
 [367., 610.],
 [497., 414.],
 [580., 468.],
 [438., 462.],
 [509., 515.],
 [420., 491.],
 [533., 450.]]",
"[[297., 109.],
 [304., 141.],
 [ 81., 236.],
 [380., 535.],
 [380., 535.],
 [386., 542.],
 [603., 612.],
 [622., 650.],
 [367., 504.],
 [367., 497.],
 [597., 618.],
 [374., 510.],
 [183., 102.],
 [176., 102.],
 [444., 402.],
 [399., 357.],
 [552., 631.],
 [488., 319.]]",
"[[532., 147.],
 [544., 147.],
 [544., 159.],
 [569., 475.],
 [569., 475.],
 [457., 536.],
 [575., 475.],
 [204.,  85.],
 [470., 462.],
 [470., 462.],
 [464., 431.],
 [470., 400.],
 [241., 147.],
 [346., 122.],
 [315., 283.],
 [408., 264.],
 [402., 246.],
 [402., 203.]]",
"[[507., 721.],
 [412., 730.],
 [429., 886.],
 [603., 773.],
 [516., 713.],
 [603., 782.],
 [594., 782.],
 [707., 244.],
 [603., 713.],
 [516., 695.],
 [594., 652.],
 [403., 721.],
 [707., 539.],
 [334., 435.],
 [698., 678.],
 [368., 669.],
 [716., 478.],
 [334., 444.]]",
"[[280., 369.],
 [242., 349.],
 [260., 311.],
 [419., 273.],
 [419., 273.],
 [416., 273.],
 [419., 273.],
 [475., 143.],
 [394., 268.],
 [396., 271.],
 [392., 244.],
 [394., 255.],
 [343., 206.],
 [347., 228.],
 [363., 244.],
 [347., 244.],
 [345., 224.],
 [343., 224.]]",
"[[677., 483.],
 [627., 491.],
 [618., 600.],
 [293., 650.],
 [343., 625.],
 [351., 600.],
 [276., 658.],
 [ 84., 249.],
 [335., 616.],
 [343., 616.],
 [285., 516.],
 [201., 608.],
 [485., 408.],
 [226., 450.],
 [393., 666.],
 [276., 483.],
 [276., 358.],
 [535., 441.]]",
"[[111., 355.],
 [117., 355.],
 [273., 438.],
 [495., 566.],
 [495., 566.],
 [490., 561.],
 [495., 561.],
 [150., 561.],
 [473., 566.],
 [484., 550.],
 [284., 683.],
 [467., 411.],
 [267., 455.],
 [172., 372.],
 [317., 639.],
 [306., 639.],
 [256., 489.],
 [217., 650.]]",
"[[437., 168.],
 [430., 168.],
 [418., 168.],
 [373., 621.],
 [379., 621.],
 [373., 621.],
 [373., 628.],
 [405., 244.],
 [558., 417.],
 [564., 404.],
 [545., 270.],
 [386., 609.],
 [539., 321.],
 [418., 302.],
 [520., 353.],
 [558., 404.],
 [469., 264.],
 [424., 308.]]",
"[[318., 729.],
 [324., 722.],
 [349., 735.],
 [343., 722.],
 [349., 722.],
 [349., 722.],
 [156., 741.],
 [306., 287.],
 [281., 492.],
 [268., 741.],
 [256., 729.],
 [250., 722.],
 [343., 324.],
 [324., 318.],
 [337., 411.],
 [337., 411.],
 [331., 337.],
 [262., 679.]]",
"[[655., 671.],
 [655., 671.],
 [650., 681.],
 [380., 467.],
 [380., 467.],
 [615., 493.],
 [375., 467.],
 [538., 391.],
 [610., 656.],
 [615., 651.],
 [528., 488.],
 [334., 447.],
 [548., 391.],
 [543., 401.],
 [569., 457.],
 [441., 523.],
 [564., 447.],
 [559., 427.]]",
"[[243., 255.],
 [231., 261.],
 [194., 269.],
 [192., 258.],
 [192., 255.],
 [112., 295.],
 [271., 340.],
 [123., 158.],
 [189., 269.],
 [183., 272.],
 [109., 255.],
 [192., 272.],
 [203., 178.],
 [101., 173.],
 [183., 241.],
 [192., 300.],
 [ 86., 204.],
 [197., 281.]]",
"[[580., 312.],
 [561., 293.],
 [428., 280.],
 [352., 766.],
 [359., 772.],
 [371., 766.],
 [365., 772.],
 [681., 242.],
 [416., 722.],
 [352., 753.],
 [491., 741.],
 [378., 760.],
 [460., 413.],
 [245., 495.],
 [441., 577.],
 [327., 526.],
 [460., 564.],
 [340., 438.]]",
"[[437.,  60.],
 [775., 220.],
 [378., 386.],
 [384., 374.],
 [384., 368.],
 [307., 475.],
 [384., 522.],
 [366.,  42.],
 [656., 333.],
 [656., 327.],
 [301., 386.],
 [401., 433.],
 [313., 113.],
 [455.,  89.],
 [473., 291.],
 [467., 172.],
 [461., 161.],
 [484., 291.]]",
"[[762., 689.],
 [514., 536.],
 [507., 718.],
 [689., 850.],
 [682., 857.],
 [200., 667.],
 [682., 850.],
 [711., 339.],
 [645., 726.],
 [645., 718.],
 [171., 536.],
 [667., 514.],
 [704., 492.],
 [229., 631.],
 [485., 565.],
 [259., 711.],
 [784., 696.],
 [616., 478.]]",
"[[656., 342.],
 [656., 348.],
 [489., 446.],
 [535., 589.],
 [535., 589.],
 [541., 589.],
 [495., 515.],
 [679., 434.],
 [599., 538.],
 [599., 538.],
 [610., 538.],
 [610., 532.],
 [622., 377.],
 [662., 411.],
 [627., 492.],
 [639., 492.],
 [650., 509.],
 [604., 423.]]",
"[[373., 317.],
 [378., 312.],
 [452., 466.],
 [443., 453.],
 [443., 457.],
 [422., 610.],
 [417., 606.],
 [443., 457.],
 [439., 457.],
 [426., 510.],
 [422., 628.],
 [422., 523.],
 [430., 457.],
 [439., 461.],
 [439., 492.],
 [439., 461.],
 [422., 431.],
 [430., 448.]]",
"[[564., 388.],
 [566., 388.],
 [539., 398.],
 [601., 321.],
 [601., 319.],
 [539., 398.],
 [537., 400.],
 [438., 323.],
 [505., 342.],
 [507., 346.],
 [507., 392.],
 [501., 339.],
 [453., 317.],
 [532., 327.],
 [520., 331.],
 [514., 329.],
 [461., 317.],
 [461., 321.]]",
"[[574., 177.],
 [520., 162.],
 [388., 185.],
 [381., 712.],
 [683., 751.],
 [179., 488.],
 [179., 488.],
 [745., 216.],
 [388., 643.],
 [210., 635.],
 [326., 278.],
 [319., 270.],
 [574., 325.],
 [466., 340.],
 [458., 627.],
 [342., 627.],
 [412., 371.],
 [396., 364.]]",
"[[334., 270.],
 [334., 274.],
 [292., 287.],
 [638., 489.],
 [562., 438.],
 [356., 590.],
 [642., 493.],
 [553., 295.],
 [570., 417.],
 [566., 417.],
 [595., 392.],
 [587., 388.],
 [591., 320.],
 [562., 337.],
 [570., 371.],
 [482., 400.],
 [579., 392.],
 [574., 358.]]",
"[[442., 547.],
 [340., 556.],
 [650., 746.],
 [650., 727.],
 [663., 741.],
 [793., 496.],
 [784., 542.],
 [428., 334.],
 [566., 755.],
 [617., 579.],
 [784., 399.],
 [765., 418.],
 [419., 575.],
 [428., 482.],
 [622., 528.],
 [529., 598.],
 [760., 367.],
 [663., 344.]]",
"[[351., 142.],
 [363., 136.],
 [351., 205.],
 [479., 531.],
 [479., 531.],
 [485., 531.],
 [485., 531.],
 [467., 322.],
 [473., 519.],
 [467., 513.],
 [427., 566.],
 [427., 560.],
 [473., 374.],
 [473., 380.],
 [467., 420.],
 [462., 415.],
 [386., 345.],
 [584., 403.]]",
"[[501., 318.],
 [357., 215.],
 [414., 292.],
 [429., 416.],
 [553., 457.],
 [496., 684.],
 [501., 684.],
 [326., 622.],
 [537., 411.],
 [537., 411.],
 [388., 669.],
 [398., 679.],
 [388., 400.],
 [393., 364.],
 [460., 421.],
 [455., 411.],
 [383., 674.],
 [419., 591.]]",
"[[438., 435.],
 [366., 445.],
 [543., 771.],
 [730., 704.],
 [567., 579.],
 [553., 761.],
 [548., 766.],
 [361., 267.],
 [644., 560.],
 [653., 560.],
 [452., 387.],
 [543., 771.],
 [500., 358.],
 [356., 378.],
 [639., 483.],
 [644., 493.],
 [495., 344.],
 [351., 397.]]",
"[[685., 583.],
 [595., 549.],
 [409., 625.],
 [699., 590.],
 [699., 590.],
 [706., 590.],
 [706., 590.],
 [189., 328.],
 [540., 480.],
 [506., 632.],
 [533., 445.],
 [547., 439.],
 [264., 528.],
 [216., 514.],
 [519., 501.],
 [313., 632.],
 [416., 390.],
 [230., 521.]]",
"[[320., 365.],
 [327., 372.],
 [335., 386.],
 [335., 365.],
 [335., 365.],
 [335., 606.],
 [335., 606.],
 [327., 358.],
 [327., 372.],
 [349., 372.],
 [356., 393.],
 [349., 393.],
 [370., 386.],
 [356., 393.],
 [363., 393.],
 [377., 415.],
 [342., 379.],
 [327., 365.]]",
"[[427., 157.],
 [432., 157.],
 [427., 167.],
 [432., 151.],
 [432., 151.],
 [495., 539.],
 [500., 539.],
 [301., 178.],
 [395., 398.],
 [443., 414.],
 [453., 398.],
 [453., 414.],
 [348., 230.],
 [401., 199.],
 [453., 314.],
 [443., 309.],
 [395., 199.],
 [464., 314.]]",
"[[350., 533.],
 [350., 624.],
 [346., 641.],
 [273., 791.],
 [224., 802.],
 [221., 798.],
 [116., 673.],
 [214., 436.],
 [336., 634.],
 [256., 760.],
 [256., 739.],
 [280., 732.],
 [280., 603.],
 [277., 610.],
 [252., 613.],
 [256., 631.],
 [113., 495.],
 [172., 589.]]",
"[[503., 407.],
 [485., 414.],
 [472., 267.],
 [472., 266.],
 [472., 266.],
 [474., 267.],
 [398., 379.],
 [424., 285.],
 [409., 322.],
 [463., 318.],
 [406., 332.],
 [395., 334.],
 [415., 293.],
 [425., 289.],
 [406., 305.],
 [435., 304.],
 [435., 314.],
 [398., 313.]]",
"[[200., 334.],
 [197., 326.],
 [240., 329.],
 [263., 200.],
 [265., 200.],
 [240., 329.],
 [240., 331.],
 [353.,  99.],
 [240., 319.],
 [187., 223.],
 [351., 339.],
 [205., 334.],
 [363., 180.],
 [358., 228.],
 [333., 210.],
 [210., 165.],
 [338., 288.],
 [346., 220.]]",
"[[584., 419.],
 [584., 412.],
 [584., 426.],
 [598., 426.],
 [598., 426.],
 [424., 711.],
 [229., 426.],
 [424., 364.],
 [424., 322.],
 [438., 322.],
 [445., 489.],
 [229., 238.],
 [479., 405.],
 [417., 294.],
 [410., 301.],
 [417., 308.],
 [396., 308.],
 [424., 301.]]",
"[[355., 381.],
 [339., 403.],
 [410., 392.],
 [591., 633.],
 [591., 633.],
 [542., 315.],
 [542., 545.],
 [295., 457.],
 [504., 556.],
 [504., 556.],
 [410., 397.],
 [465., 337.],
 [405., 403.],
 [366., 452.],
 [471., 485.],
 [438., 452.],
 [432., 446.],
 [372., 562.]]",
"[[600., 463.],
 [446., 386.],
 [600., 635.],
 [306., 533.],
 [306., 533.],
 [306., 527.],
 [306., 533.],
 [542., 194.],
 [312., 520.],
 [312., 520.],
 [600., 469.],
 [536., 444.],
 [606., 361.],
 [261., 367.],
 [606., 418.],
 [261., 392.],
 [619., 354.],
 [466., 316.]]",
"[[437., 686.],
 [195., 626.],
 [380., 401.],
 [383., 538.],
 [463., 683.],
 [376., 401.],
 [383., 401.],
 [162., 398.],
 [366., 549.],
 [380., 559.],
 [386., 589.],
 [383., 592.],
 [256., 431.],
 [219., 572.],
 [339., 448.],
 [269., 528.],
 [232., 492.],
 [179., 381.]]",
"[[243., 652.],
 [243., 659.],
 [523., 205.],
 [190., 639.],
 [196., 645.],
 [176., 319.],
 [176., 319.],
 [690., 512.],
 [276., 592.],
 [290., 585.],
 [283., 585.],
 [296., 599.],
 [396., 425.],
 [403., 419.],
 [563., 585.],
 [376., 439.],
 [390., 419.],
 [370., 432.]]",
"[[510., 634.],
 [521., 634.],
 [515., 645.],
 [521., 629.],
 [521., 624.],
 [521., 629.],
 [515., 629.],
 [ 88., 402.],
 [483., 726.],
 [478., 732.],
 [478., 732.],
 [472., 726.],
 [283., 607.],
 [229., 705.],
 [348., 645.],
 [321., 726.],
 [261., 515.],
 [294., 759.]]",
"[[224., 324.],
 [239., 324.],
 [167., 678.],
 [297., 663.],
 [311., 671.],
 [304., 663.],
 [326., 642.],
 [ 22., 642.],
 [297., 656.],
 [297., 656.],
 [210., 685.],
 [282., 656.],
 [174., 454.],
 [167., 425.],
 [297., 598.],
 [246., 663.],
 [159., 635.],
 [145., 685.]]",
"[[565., 246.],
 [539., 246.],
 [380., 446.],
 [344., 570.],
 [493., 647.],
 [256., 575.],
 [272., 570.],
 [ 76., 390.],
 [354., 565.],
 [483., 637.],
 [586., 570.],
 [565., 560.],
 [452., 338.],
 [400., 323.],
 [436., 482.],
 [215., 477.],
 [184., 482.],
 [194., 488.]]",
"[[399., 514.],
 [403., 514.],
 [394., 523.],
 [ 80., 566.],
 [ 80., 566.],
 [ 80., 566.],
 [ 75., 566.],
 [337., 490.],
 [332., 632.],
 [360., 632.],
 [166., 504.],
 [156., 490.],
 [332., 514.],
 [337., 552.],
 [313., 566.],
 [227., 556.],
 [223., 495.],
 [208., 485.]]",
"[[370., 418.],
 [374., 418.],
 [370., 423.],
 [361., 418.],
 [365., 414.],
 [651., 664.],
 [365., 418.],
 [298., 275.],
 [383., 431.],
 [388., 427.],
 [401., 418.],
 [388., 423.],
 [455., 463.],
 [455., 472.],
 [513., 476.],
 [455., 485.],
 [401., 427.],
 [526., 454.]]",
"[[429., 287.],
 [429., 287.],
 [431., 289.],
 [431., 379.],
 [434., 379.],
 [433., 379.],
 [433., 377.],
 [454., 306.],
 [403., 336.],
 [434., 377.],
 [401., 326.],
 [399., 328.],
 [440., 313.],
 [450., 313.],
 [433., 321.],
 [441., 321.],
 [441., 317.],
 [431., 310.]]",
"[[589., 294.],
 [595., 311.],
 [489., 311.],
 [484., 305.],
 [484., 305.],
 [489., 305.],
 [489., 305.],
 [478., 627.],
 [285., 633.],
 [331., 715.],
 [320., 598.],
 [349., 686.],
 [396., 469.],
 [267., 446.],
 [372., 551.],
 [285., 563.],
 [273., 504.],
 [425., 633.]]",
"[[362., 321.],
 [374., 321.],
 [524., 257.],
 [437., 644.],
 [443., 650.],
 [437., 644.],
 [437., 644.],
 [529., 321.],
 [529., 540.],
 [518., 551.],
 [501., 580.],
 [535., 546.],
 [489., 401.],
 [483., 401.],
 [541., 488.],
 [535., 488.],
 [489., 396.],
 [483., 378.]]",
"[[293., 493.],
 [688., 242.],
 [539., 237.],
 [278., 483.],
 [283., 488.],
 [391., 580.],
 [396., 596.],
 [611., 637.],
 [560., 493.],
 [283., 463.],
 [396., 616.],
 [386., 601.],
 [509., 370.],
 [534., 422.],
 [478., 427.],
 [488., 447.],
 [519., 416.],
 [529., 642.]]",
"[[711., 513.],
 [640., 336.],
 [643., 425.],
 [496., 572.],
 [499., 575.],
 [499., 572.],
 [499., 572.],
 [705., 557.],
 [538., 569.],
 [546., 575.],
 [543., 583.],
 [558., 563.],
 [690., 389.],
 [523., 336.],
 [638., 457.],
 [535., 422.],
 [602., 572.],
 [626., 542.]]",
"[[ 88., 642.],
 [100., 648.],
 [105., 620.],
 [553., 626.],
 [553., 626.],
 [486., 368.],
 [547., 502.],
 [184., 435.],
 [525., 620.],
 [530., 614.],
 [374., 351.],
 [379., 363.],
 [133., 419.],
 [161., 570.],
 [413., 575.],
 [295., 631.],
 [262., 312.],
 [212., 413.]]",
"[[572., 358.],
 [496., 304.],
 [499., 580.],
 [532., 624.],
 [536., 624.],
 [536., 624.],
 [536., 624.],
 [597., 384.],
 [536., 475.],
 [536., 475.],
 [554., 486.],
 [517., 391.],
 [576., 428.],
 [423., 413.],
 [536., 475.],
 [463., 467.],
 [587., 442.],
 [507., 358.]]",
"[[172., 161.],
 [262., 167.],
 [256., 284.],
 [130., 282.],
 [132., 282.],
 [136., 284.],
 [132., 284.],
 [130., 108.],
 [147., 248.],
 [134., 244.],
 [128., 229.],
 [123., 235.],
 [240., 174.],
 [128., 157.],
 [219., 210.],
 [126., 201.],
 [196., 135.],
 [117., 189.]]",
"[[502., 373.],
 [424., 379.],
 [460., 510.],
 [623., 415.],
 [628., 415.],
 [334., 546.],
 [366., 567.],
 [209., 520.],
 [434., 699.],
 [424., 699.],
 [329., 557.],
 [371., 725.],
 [182., 505.],
 [167., 651.],
 [313., 505.],
 [292., 667.],
 [188., 515.],
 [230., 662.]]",
"[[329., 397.],
 [396., 196.],
 [314., 196.],
 [314., 191.],
 [443., 469.],
 [405., 670.],
 [314., 191.],
 [515., 248.],
 [448., 459.],
 [453., 454.],
 [443., 469.],
 [539., 325.],
 [616., 301.],
 [644., 335.],
 [592., 382.],
 [453., 435.],
 [525., 315.],
 [553., 320.]]",
"[[220.,  93.],
 [214., 106.],
 [244., 115.],
 [277., 167.],
 [278., 167.],
 [280., 168.],
 [280., 168.],
 [197.,  90.],
 [287., 171.],
 [284., 174.],
 [296., 176.],
 [297., 176.],
 [237., 105.],
 [217.,  82.],
 [265., 149.],
 [244., 136.],
 [228.,  85.],
 [315., 176.]]",
"[[176., 277.],
 [183., 277.],
 [231., 600.],
 [492., 298.],
 [417., 531.],
 [499., 298.],
 [499., 291.],
 [183., 250.],
 [368., 627.],
 [375., 627.],
 [375., 270.],
 [375., 270.],
 [252., 614.],
 [266., 607.],
 [341., 620.],
 [300., 607.],
 [300., 229.],
 [217., 353.]]",
"[[214., 226.],
 [224., 221.],
 [224., 236.],
 [288., 392.],
 [288., 392.],
 [249., 528.],
 [249., 528.],
 [234., 226.],
 [302., 387.],
 [424., 402.],
 [493., 441.],
 [498., 450.],
 [351., 294.],
 [263., 309.],
 [356., 333.],
 [400., 358.],
 [395., 314.],
 [356., 319.]]",
"[[268., 216.],
 [226., 214.],
 [254., 323.],
 [254., 326.],
 [257., 323.],
 [257., 326.],
 [259., 326.],
 [167.,  90.],
 [206., 303.],
 [215., 306.],
 [206., 222.],
 [108., 258.],
 [363., 211.],
 [142., 118.],
 [259., 244.],
 [128., 216.],
 [212., 166.],
 [116., 174.]]",
"[[114., 807.],
 [121., 807.],
 [422., 521.],
 [715., 521.],
 [723., 528.],
 [312., 822.],
 [319., 814.],
 [107., 257.],
 [679., 528.],
 [781., 176.],
 [ 92., 668.],
 [ 48., 675.],
 [224., 338.],
 [195., 250.],
 [525., 572.],
 [341., 668.],
 [209., 521.],
 [180., 653.]]",
"[[716., 218.],
 [724., 234.],
 [550., 297.],
 [708., 755.],
 [708., 755.],
 [550., 771.],
 [503., 597.],
 [172., 416.],
 [495., 652.],
 [479., 637.],
 [472., 542.],
 [495., 574.],
 [282., 597.],
 [290., 708.],
 [448., 621.],
 [353., 613.],
 [393., 400.],
 [211., 447.]]",
"[[103., 358.],
 [110., 358.],
 [ 97., 372.],
 [280., 650.],
 [280., 650.],
 [273., 650.],
 [273., 657.],
 [702., 168.],
 [314., 637.],
 [335., 671.],
 [199., 494.],
 [205., 548.],
 [600., 487.],
 [416., 338.],
 [511., 589.],
 [362., 481.],
 [702., 385.],
 [647., 379.]]",
"[[216.,  92.],
 [222.,  92.],
 [210., 116.],
 [222., 423.],
 [222., 423.],
 [235., 423.],
 [222., 429.],
 [296.,  55.],
 [241., 417.],
 [241., 423.],
 [222., 325.],
 [204., 325.],
 [388., 239.],
 [284., 245.],
 [394., 380.],
 [259., 398.],
 [265., 245.],
 [192., 233.]]",
"[[548., 280.],
 [542., 283.],
 [555., 280.],
 [587., 320.],
 [587., 320.],
 [562., 336.],
 [561., 336.],
 [580., 341.],
 [589., 320.],
 [591., 319.],
 [627., 362.],
 [631., 365.],
 [594., 298.],
 [564., 285.],
 [625., 303.],
 [588., 312.],
 [599., 345.],
 [611., 355.]]",
"[[149., 470.],
 [ 93., 501.],
 [155., 638.],
 [466., 432.],
 [479., 613.],
 [479., 426.],
 [466., 432.],
 [ 86., 339.],
 [435., 588.],
 [460., 582.],
 [379., 358.],
 [311., 451.],
 [248., 351.],
 [161., 507.],
 [367., 364.],
 [242., 626.],
 [273., 333.],
 [217., 451.]]",
"[[271., 254.],
 [275., 254.],
 [291., 430.],
 [289., 428.],
 [289., 428.],
 [289., 428.],
 [291., 428.],
 [443., 234.],
 [370., 386.],
 [375., 362.],
 [317., 335.],
 [443., 322.],
 [394., 298.],
 [386., 318.],
 [388., 329.],
 [368., 333.],
 [401., 304.],
 [417., 296.]]",
"[[259., 379.],
 [244., 394.],
 [244., 517.],
 [237., 386.],
 [237., 386.],
 [244., 394.],
 [397., 554.],
 [528., 219.],
 [528., 779.],
 [397., 830.],
 [543., 750.],
 [550., 765.],
 [586., 379.],
 [346., 328.],
 [594., 517.],
 [317., 539.],
 [601., 416.],
 [434., 357.]]",
"[[278., 786.],
 [284., 786.],
 [579., 589.],
 [561., 745.],
 [561., 751.],
 [585., 577.],
 [573., 589.],
 [654., 450.],
 [451., 699.],
 [480., 693.],
 [492., 676.],
 [382., 664.],
 [394., 572.],
 [411., 502.],
 [498., 676.],
 [440., 676.],
 [451., 537.],
 [405., 618.]]",
"[[463., 181.],
 [399., 162.],
 [412., 336.],
 [496., 414.],
 [502., 297.],
 [373., 524.],
 [373., 524.],
 [638., 582.],
 [489., 407.],
 [502., 407.],
 [379., 504.],
 [373., 504.],
 [483., 317.],
 [483., 336.],
 [496., 388.],
 [496., 388.],
 [379., 433.],
 [560., 563.]]",
"[[225., 141.],
 [205., 154.],
 [364., 342.],
 [369., 347.],
 [369., 344.],
 [366., 344.],
 [369., 344.],
 [395., 193.],
 [249., 302.],
 [251., 302.],
 [371., 336.],
 [374., 334.],
 [173., 209.],
 [165., 170.],
 [319., 282.],
 [205., 209.],
 [236., 130.],
 [345., 172.]]",
"[[370., 566.],
 [342., 606.],
 [415., 558.],
 [306., 594.],
 [403., 558.],
 [508., 534.],
 [512., 538.],
 [225., 210.],
 [399., 408.],
 [407., 420.],
 [391., 562.],
 [386., 558.],
 [382., 275.],
 [277., 283.],
 [467., 299.],
 [415., 352.],
 [261., 356.],
 [205., 384.]]",
"[[314., 217.],
 [348., 212.],
 [298., 262.],
 [375., 505.],
 [375., 500.],
 [375., 500.],
 [558., 605.],
 [314., 190.],
 [386., 494.],
 [381., 494.],
 [564., 616.],
 [553., 611.],
 [420., 361.],
 [381., 300.],
 [431., 384.],
 [414., 384.],
 [409., 323.],
 [420., 361.]]",
"[[545., 597.],
 [312., 255.],
 [428., 299.],
 [450., 707.],
 [450., 707.],
 [479., 568.],
 [421., 299.],
 [632., 357.],
 [435., 677.],
 [384., 663.],
 [479., 306.],
 [465., 299.],
 [574., 539.],
 [297., 444.],
 [537., 583.],
 [341., 561.],
 [530., 444.],
 [399., 364.]]",
"[[276., 211.],
 [276., 211.],
 [276., 211.],
 [401., 461.],
 [401., 456.],
 [336., 281.],
 [336., 281.],
 [256., 211.],
 [401., 446.],
 [391., 441.],
 [321., 231.],
 [311., 246.],
 [476., 356.],
 [456., 331.],
 [496., 431.],
 [486., 431.],
 [321., 266.],
 [276., 301.]]",
"[[319., 367.],
 [323., 367.],
 [310., 363.],
 [508., 560.],
 [415., 644.],
 [247., 502.],
 [252., 502.],
 [243., 296.],
 [508., 548.],
 [508., 552.],
 [235., 439.],
 [218., 439.],
 [436., 384.],
 [382., 355.],
 [474., 443.],
 [508., 405.],
 [319., 363.],
 [210., 401.]]",
"[[139., 687.],
 [145., 687.],
 [443., 349.],
 [526., 609.],
 [526., 609.],
 [532., 609.],
 [526., 609.],
 [211., 322.],
 [289., 664.],
 [289., 664.],
 [570., 537.],
 [559., 532.],
 [394., 659.],
 [255., 438.],
 [377., 664.],
 [300., 559.],
 [382., 399.],
 [233., 449.]]",
"[[318., 328.],
 [305., 308.],
 [213., 341.],
 [206., 328.],
 [206., 328.],
 [206., 328.],
 [206., 328.],
 [331., 282.],
 [318., 308.],
 [318., 302.],
 [311., 302.],
 [285., 295.],
 [351., 282.],
 [377., 288.],
 [377., 380.],
 [364., 354.],
 [305., 302.],
 [311., 315.]]",
"[[424., 363.],
 [356., 308.],
 [379., 427.],
 [694., 500.],
 [698., 500.],
 [557., 632.],
 [557., 632.],
 [342., 171.],
 [616., 413.],
 [634., 418.],
 [529., 632.],
 [516., 632.],
 [639., 340.],
 [625., 340.],
 [630., 377.],
 [621., 390.],
 [433., 322.],
 [488., 582.]]",
"[[600., 815.],
 [220., 442.],
 [362., 629.],
 [563., 666.],
 [526., 644.],
 [451., 644.],
 [354., 614.],
 [ 93., 308.],
 [489., 629.],
 [503., 606.],
 [451., 472.],
 [369., 465.],
 [265., 278.],
 [168., 569.],
 [429., 330.],
 [265., 666.],
 [384., 293.],
 [205., 472.]]",
"[[700., 472.],
 [721., 479.],
 [491., 270.],
 [470., 633.],
 [470., 633.],
 [379., 870.],
 [344., 940.],
 [365., 291.],
 [477., 619.],
 [232., 807.],
 [218., 779.],
 [204., 786.],
 [560., 402.],
 [560., 374.],
 [511., 465.],
 [574., 535.],
 [141., 507.],
 [183., 430.]]",
"[[499., 604.],
 [490., 613.],
 [470., 628.],
 [475., 197.],
 [475., 197.],
 [619., 211.],
 [619., 216.],
 [485., 456.],
 [547., 235.],
 [490., 508.],
 [485., 556.],
 [485., 556.],
 [451., 427.],
 [399., 369.],
 [461., 441.],
 [447., 427.],
 [494., 484.],
 [485., 475.]]",
"[[379., 320.],
 [379., 315.],
 [393., 329.],
 [327., 661.],
 [332., 661.],
 [327., 661.],
 [332., 661.],
 [267., 362.],
 [500., 553.],
 [510., 549.],
 [281., 535.],
 [295., 600.],
 [570., 441.],
 [453., 413.],
 [533., 483.],
 [453., 483.],
 [421., 469.],
 [552., 497.]]",
"[[351., 284.],
 [351., 284.],
 [351., 293.],
 [606., 511.],
 [606., 511.],
 [541., 622.],
 [606., 506.],
 [342., 275.],
 [597., 492.],
 [592., 483.],
 [592., 409.],
 [305., 391.],
 [407., 423.],
 [384., 386.],
 [560., 386.],
 [564., 395.],
 [388., 363.],
 [388., 377.]]",
"[[121., 400.],
 [152., 392.],
 [686., 445.],
 [442., 674.],
 [442., 674.],
 [320., 827.],
 [320., 834.],
 [259., 293.],
 [442., 659.],
 [434., 651.],
 [335., 827.],
 [434., 674.],
 [274., 445.],
 [281., 415.],
 [510., 537.],
 [320., 544.],
 [205., 522.],
 [259., 522.]]",
"[[336.,  91.],
 [327.,  83.],
 [319., 108.],
 [386., 267.],
 [395., 276.],
 [403., 276.],
 [579., 377.],
 [151., 267.],
 [369., 276.],
 [386., 276.],
 [386., 276.],
 [361., 301.],
 [311., 150.],
 [386., 150.],
 [386., 318.],
 [403., 276.],
 [395., 284.],
 [395., 284.]]",
"[[528., 682.],
 [525., 682.],
 [377., 358.],
 [564., 693.],
 [456., 715.],
 [460., 715.],
 [456., 715.],
 [208., 412.],
 [514., 675.],
 [518., 664.],
 [240., 646.],
 [402., 693.],
 [435., 423.],
 [218., 481.],
 [453., 484.],
 [363., 520.],
 [290., 621.],
 [258., 682.]]",
"[[606., 304.],
 [610., 304.],
 [344., 506.],
 [511., 454.],
 [507., 463.],
 [344., 493.],
 [344., 493.],
 [584., 296.],
 [541., 416.],
 [507., 450.],
 [614., 377.],
 [584., 407.],
 [533., 347.],
 [571., 356.],
 [567., 398.],
 [524., 381.],
 [516., 386.],
 [546., 398.]]",
"[[458., 333.],
 [458., 333.],
 [309., 252.],
 [305., 248.],
 [305., 248.],
 [305., 248.],
 [309., 248.],
 [450., 329.],
 [458., 346.],
 [471., 355.],
 [458., 346.],
 [454., 346.],
 [462., 333.],
 [458., 338.],
 [480., 350.],
 [475., 355.],
 [462., 333.],
 [616., 274.]]",
"[[343., 311.],
 [340., 314.],
 [303., 326.],
 [257., 343.],
 [249., 349.],
 [254., 340.],
 [257., 343.],
 [334., 157.],
 [260., 334.],
 [289., 334.],
 [357., 260.],
 [269., 329.],
 [306., 203.],
 [160., 172.],
 [280., 237.],
 [180., 192.],
 [149., 311.],
 [294., 237.]]",
"[[368., 730.],
 [336., 730.],
 [319., 741.],
 [325., 747.],
 [330., 629.],
 [336., 629.],
 [330., 629.],
 [314., 210.],
 [400., 607.],
 [357., 613.],
 [411., 468.],
 [228., 446.],
 [416., 323.],
 [234., 371.],
 [448., 521.],
 [250., 473.],
 [421., 355.],
 [228., 377.]]",
"[[202., 186.],
 [194., 186.],
 [ 63., 169.],
 [119., 210.],
 [ 30., 171.],
 [ 66., 164.],
 [ 66., 164.],
 [226.,  26.],
 [112., 176.],
 [114., 174.],
 [117., 205.],
 [136.,  92.],
 [214., 145.],
 [151.,  36.],
 [160., 133.],
 [129.,  79.],
 [228., 104.],
 [175.,  60.]]",
"[[ 87., 384.],
 [ 77., 359.],
 [119., 391.],
 [261., 381.],
 [264., 381.],
 [256., 381.],
 [259., 381.],
 [142., 122.],
 [236., 369.],
 [239., 359.],
 [202., 346.],
 [236., 374.],
 [202., 202.],
 [ 95., 180.],
 [192., 264.],
 [124., 277.],
 [162., 165.],
 [ 97., 180.]]",
"[[218., 161.],
 [218., 161.],
 [207., 181.],
 [293., 232.],
 [291., 232.],
 [295., 291.],
 [297., 288.],
 [214., 240.],
 [285., 227.],
 [288., 227.],
 [211., 282.],
 [207., 293.],
 [269., 189.],
 [281., 186.],
 [266., 209.],
 [287., 209.],
 [240., 250.],
 [266., 263.]]",
"[[645., 630.],
 [645., 630.],
 [255., 276.],
 [362., 510.],
 [362., 510.],
 [432., 581.],
 [432., 581.],
 [666., 602.],
 [383., 425.],
 [390., 418.],
 [397., 411.],
 [383., 404.],
 [588., 460.],
 [524., 411.],
 [581., 510.],
 [454., 425.],
 [602., 531.],
 [602., 538.]]",
"[[569., 523.],
 [573., 523.],
 [573., 532.],
 [578., 523.],
 [578., 523.],
 [573., 523.],
 [573., 523.],
 [368., 484.],
 [516., 598.],
 [521., 598.],
 [364., 510.],
 [525., 598.],
 [486., 528.],
 [477., 532.],
 [473., 558.],
 [477., 563.],
 [381., 515.],
 [372., 545.]]",
"[[413., 651.],
 [413., 651.],
 [426., 684.],
 [418., 634.],
 [422., 634.],
 [281., 675.],
 [273., 675.],
 [302., 580.],
 [240., 671.],
 [269., 675.],
 [174., 679.],
 [393., 634.],
 [343., 626.],
 [335., 626.],
 [289., 675.],
 [244., 626.],
 [227., 617.],
 [194., 671.]]",
"[[215., 196.],
 [ 24., 176.],
 [160., 162.],
 [113., 289.],
 [113., 289.],
 [157., 347.],
 [157., 344.],
 [278., 274.],
 [151., 289.],
 [148., 289.],
 [186., 332.],
 [166., 289.],
 [241., 254.],
 [246., 286.],
 [206., 269.],
 [212., 303.],
 [229., 321.],
 [220., 271.]]",
"[[656., 544.],
 [644., 568.],
 [619., 679.],
 [631., 679.],
 [582., 679.],
 [638., 679.],
 [638., 679.],
 [194., 322.],
 [551., 655.],
 [539., 667.],
 [268., 599.],
 [114., 642.],
 [194., 624.],
 [169., 482.],
 [336., 593.],
 [292., 692.],
 [255., 476.],
 [126., 568.]]",
"[[360., 397.],
 [441., 286.],
 [493., 213.],
 [348., 385.],
 [495., 209.],
 [348., 385.],
 [348., 385.],
 [469., 298.],
 [386., 304.],
 [384., 304.],
 [350., 306.],
 [419., 296.],
 [443., 282.],
 [394., 290.],
 [411., 308.],
 [392., 298.],
 [431., 314.],
 [431., 284.]]",
"[[310., 360.],
 [307., 334.],
 [365., 372.],
 [264., 491.],
 [460., 448.],
 [331., 458.],
 [236., 520.],
 [498., 288.],
 [269., 481.],
 [496., 493.],
 [238., 522.],
 [238., 517.],
 [462., 329.],
 [307., 319.],
 [415., 500.],
 [324., 388.],
 [295., 427.],
 [446., 360.]]",
"[[418., 255.],
 [424., 255.],
 [440., 277.],
 [473., 179.],
 [473., 179.],
 [402., 250.],
 [391., 250.],
 [451., 315.],
 [429., 255.],
 [440., 261.],
 [424., 261.],
 [435., 261.],
 [478., 386.],
 [456., 359.],
 [489., 419.],
 [484., 413.],
 [440., 272.],
 [478., 337.]]",
"[[403., 581.],
 [418., 544.],
 [395., 633.],
 [276., 336.],
 [276., 336.],
 [276., 336.],
 [269., 344.],
 [314.,  99.],
 [440., 329.],
 [418., 321.],
 [655., 551.],
 [544., 344.],
 [662., 373.],
 [670., 410.],
 [610., 425.],
 [566., 455.],
 [603., 410.],
 [581., 366.]]",
"[[457., 286.],
 [378., 292.],
 [446., 280.],
 [696., 371.],
 [599., 695.],
 [599., 695.],
 [599., 695.],
 [423.,  93.],
 [690., 383.],
 [690., 377.],
 [702., 366.],
 [344., 314.],
 [486., 252.],
 [344., 240.],
 [702., 377.],
 [685., 383.],
 [486., 240.],
 [338., 263.]]",
"[[395., 144.],
 [380., 162.],
 [445., 164.],
 [511., 222.],
 [511., 225.],
 [437., 196.],
 [513., 227.],
 [390., 329.],
 [511., 230.],
 [513., 227.],
 [579., 217.],
 [568., 353.],
 [395., 191.],
 [403., 167.],
 [448., 225.],
 [463., 240.],
 [374., 390.],
 [424., 350.]]",
"[[207., 218.],
 [ 42., 182.],
 [224., 189.],
 [298., 306.],
 [298., 306.],
 [224., 182.],
 [224., 186.],
 [ 39., 163.],
 [279., 280.],
 [279., 273.],
 [282., 270.],
 [275., 273.],
 [188., 192.],
 [ 97., 195.],
 [211., 280.],
 [149., 319.],
 [149., 221.],
 [279., 267.]]",
"[[323., 445.],
 [323., 418.],
 [160., 624.],
 [474., 727.],
 [474., 727.],
 [464., 727.],
 [415., 678.],
 [501., 396.],
 [382., 819.],
 [404., 825.],
 [480., 819.],
 [480., 619.],
 [404., 564.],
 [377., 472.],
 [312., 749.],
 [328., 597.],
 [529., 803.],
 [518., 770.]]",
"[[230., 633.],
 [ 90., 712.],
 [ 78., 609.],
 [230., 627.],
 [230., 621.],
 [279., 675.],
 [272., 675.],
 [181., 621.],
 [230., 694.],
 [206., 645.],
 [212., 700.],
 [218., 712.],
 [394., 742.],
 [230., 736.],
 [333., 718.],
 [291., 718.],
 [230., 639.],
 [206., 700.]]",
"[[343., 690.],
 [349., 690.],
 [343., 714.],
 [337., 708.],
 [343., 708.],
 [337., 708.],
 [337., 708.],
 [434., 337.],
 [665., 483.],
 [665., 483.],
 [477., 459.],
 [653., 374.],
 [702., 368.],
 [750., 368.],
 [659., 410.],
 [647., 416.],
 [489., 453.],
 [689., 349.]]",
"[[558., 257.],
 [564., 251.],
 [811., 257.],
 [370., 374.],
 [370., 374.],
 [376., 157.],
 [376., 157.],
 [587., 321.],
 [434., 251.],
 [387., 363.],
 [440., 245.],
 [440., 239.],
 [482., 321.],
 [540., 327.],
 [505., 339.],
 [517., 345.],
 [505., 327.],
 [476., 286.]]",
"[[217., 456.],
 [663., 287.],
 [726., 475.],
 [663., 293.],
 [669., 293.],
 [669., 293.],
 [669., 293.],
 [437., 337.],
 [481., 513.],
 [418., 595.],
 [179., 387.],
 [531., 450.],
 [405., 337.],
 [298., 406.],
 [462., 519.],
 [474., 551.],
 [317., 412.],
 [493., 419.]]",
"[[347., 156.],
 [358., 138.],
 [320., 204.],
 [343., 240.],
 [343., 240.],
 [367., 292.],
 [365., 294.],
 [370., 107.],
 [363., 231.],
 [358., 285.],
 [372., 213.],
 [347., 204.],
 [241., 134.],
 [185., 170.],
 [291., 229.],
 [225., 229.],
 [185., 231.],
 [302., 154.]]",
"[[372., 467.],
 [385., 463.],
 [506., 563.],
 [511., 558.],
 [511., 558.],
 [511., 558.],
 [515., 558.],
 [372., 485.],
 [398., 649.],
 [407., 649.],
 [407., 584.],
 [359., 580.],
 [441., 545.],
 [472., 571.],
 [415., 580.],
 [372., 576.],
 [446., 563.],
 [359., 558.]]",
"[[114., 730.],
 [143., 687.],
 [345., 773.],
 [503., 658.],
 [503., 658.],
 [539., 356.],
 [539., 356.],
 [280., 306.],
 [431., 622.],
 [424., 622.],
 [395., 615.],
 [424., 306.],
 [265., 565.],
 [273., 529.],
 [352., 586.],
 [337., 550.],
 [309., 543.],
 [352., 370.]]",
"[[548., 264.],
 [553., 261.],
 [480., 445.],
 [458., 341.],
 [446., 378.],
 [480., 441.],
 [478., 439.],
 [562., 398.],
 [478., 348.],
 [480., 353.],
 [500., 446.],
 [500., 445.],
 [512., 277.],
 [503., 284.],
 [498., 321.],
 [441., 386.],
 [519., 429.],
 [517., 404.]]",
"[[575., 769.],
 [575., 769.],
 [587., 769.],
 [609., 488.],
 [609., 488.],
 [609., 494.],
 [609., 494.],
 [452., 370.],
 [620., 623.],
 [615., 623.],
 [615., 629.],
 [620., 629.],
 [480., 589.],
 [491., 629.],
 [457., 584.],
 [480., 668.],
 [198., 910.],
 [193., 409.]]",
"[[308., 212.],
 [282., 217.],
 [227., 179.],
 [252., 242.],
 [225., 255.],
 [220., 255.],
 [222., 255.],
 [197.,  59.],
 [265., 219.],
 [230., 217.],
 [212., 177.],
 [197., 167.],
 [308., 117.],
 [139., 157.],
 [265., 174.],
 [177., 194.],
 [265., 114.],
 [187., 117.]]",
"[[506., 586.],
 [511., 582.],
 [110., 408.],
 [101., 394.],
 [520., 688.],
 [429., 741.],
 [434., 746.],
 [105., 615.],
 [448., 591.],
 [409., 649.],
 [409., 649.],
 [405., 669.],
 [366., 538.],
 [159., 577.],
 [342., 596.],
 [279., 644.],
 [385., 649.],
 [380., 558.]]",
"[[379., 138.],
 [409., 133.],
 [384., 178.],
 [424., 501.],
 [430., 350.],
 [430., 496.],
 [540., 536.],
 [399., 118.],
 [505., 456.],
 [666., 360.],
 [460., 365.],
 [500., 435.],
 [525., 264.],
 [455., 158.],
 [535., 304.],
 [515., 294.],
 [525., 269.],
 [359., 239.]]",
"[[564., 341.],
 [582., 347.],
 [603., 519.],
 [606., 519.],
 [609., 519.],
 [544., 561.],
 [544., 561.],
 [582., 335.],
 [514., 433.],
 [561., 478.],
 [597., 403.],
 [455., 415.],
 [538., 341.],
 [538., 338.],
 [526., 403.],
 [526., 415.],
 [547., 359.],
 [547., 368.]]",
"[[437., 232.],
 [444., 232.],
 [437., 232.],
 [444., 324.],
 [444., 324.],
 [437., 324.],
 [437., 219.],
 [437., 219.],
 [450., 344.],
 [463., 344.],
 [463., 351.],
 [437., 337.],
 [503., 383.],
 [706., 357.],
 [673., 390.],
 [503., 383.],
 [509., 357.],
 [450., 364.]]",
"[[205., 105.],
 [210., 102.],
 [235., 129.],
 [343., 293.],
 [343., 293.],
 [210.,  85.],
 [343., 293.],
 [340.,  46.],
 [281., 200.],
 [284., 198.],
 [208., 102.],
 [208., 100.],
 [357.,  83.],
 [296., 114.],
 [264., 198.],
 [254., 168.],
 [352.,  97.],
 [279.,  85.]]",
"[[652., 284.],
 [129., 423.],
 [625., 423.],
 [301., 668.],
 [115., 437.],
 [122., 443.],
 [ 42., 403.],
 [420., 258.],
 [314., 668.],
 [314., 675.],
 [314., 675.],
 [321., 748.],
 [479., 430.],
 [466., 417.],
 [420., 622.],
 [307., 470.],
 [327., 384.],
 [400., 437.]]",
"[[171., 103.],
 [171., 103.],
 [160., 106.],
 [216., 169.],
 [217., 169.],
 [216., 169.],
 [216., 170.],
 [132., 141.],
 [193., 177.],
 [189., 179.],
 [194., 177.],
 [191., 177.],
 [157., 188.],
 [152., 188.],
 [176., 184.],
 [161., 185.],
 [173., 180.],
 [176., 179.]]",
"[[356., 302.],
 [374., 302.],
 [387., 311.],
 [496., 533.],
 [496., 533.],
 [496., 533.],
 [496., 533.],
 [304., 350.],
 [461., 533.],
 [444., 560.],
 [387., 363.],
 [444., 481.],
 [317., 433.],
 [335., 437.],
 [356., 464.],
 [361., 481.],
 [383., 350.],
 [339., 368.]]",
"[[374., 468.],
 [378., 464.],
 [382., 471.],
 [329., 599.],
 [329., 599.],
 [333., 599.],
 [337., 599.],
 [236., 674.],
 [341., 648.],
 [322., 606.],
 [281., 595.],
 [277., 595.],
 [269., 610.],
 [258., 621.],
 [356., 621.],
 [281., 625.],
 [273., 618.],
 [281., 599.]]",
"[[397.,  74.],
 [397.,  65.],
 [283., 109.],
 [599., 760.],
 [265., 267.],
 [247., 100.],
 [247., 100.],
 [529., 223.],
 [283., 250.],
 [283., 259.],
 [335., 206.],
 [309., 109.],
 [467., 223.],
 [485., 223.],
 [546., 303.],
 [432., 259.],
 [423., 215.],
 [379., 215.]]",
"[[533., 255.],
 [500., 269.],
 [548., 313.],
 [478., 416.],
 [482., 416.],
 [482., 416.],
 [478., 419.],
 [657., 485.],
 [482., 401.],
 [489., 401.],
 [474., 332.],
 [456., 342.],
 [496., 215.],
 [412., 251.],
 [507., 302.],
 [445., 324.],
 [599., 507.],
 [602., 448.]]",
"[[348., 281.],
 [297., 372.],
 [302., 389.],
 [201., 349.],
 [201., 349.],
 [201., 349.],
 [285., 779.],
 [302., 417.],
 [557., 542.],
 [551., 536.],
 [540., 525.],
 [540., 525.],
 [432., 462.],
 [421., 485.],
 [415., 536.],
 [314., 592.],
 [359., 496.],
 [415., 485.]]",
"[[460., 836.],
 [445., 836.],
 [489., 829.],
 [385., 330.],
 [392., 337.],
 [534., 717.],
 [534., 725.],
 [258., 665.],
 [512., 374.],
 [527., 382.],
 [422., 747.],
 [422., 799.],
 [340., 695.],
 [348., 598.],
 [385., 717.],
 [549., 404.],
 [348., 687.],
 [378., 747.]]",
"[[240., 546.],
 [174., 613.],
 [282., 673.],
 [541., 396.],
 [523., 601.],
 [541., 402.],
 [541., 402.],
 [126., 558.],
 [493., 595.],
 [475., 613.],
 [481., 306.],
 [439., 354.],
 [252., 468.],
 [216., 631.],
 [367., 498.],
 [342., 643.],
 [240., 468.],
 [318., 468.]]",
"[[342., 209.],
 [347., 209.],
 [317., 306.],
 [314., 342.],
 [314., 345.],
 [347., 394.],
 [317., 347.],
 [578., 392.],
 [339., 333.],
 [339., 336.],
 [333., 303.],
 [589., 284.],
 [497., 256.],
 [458., 256.],
 [516., 289.],
 [433., 297.],
 [472., 419.],
 [508., 417.]]",
"[[524., 301.],
 [534., 301.],
 [388., 317.],
 [540., 296.],
 [540., 290.],
 [285., 632.],
 [291., 632.],
 [139., 215.],
 [464., 301.],
 [464., 307.],
 [491., 496.],
 [437., 475.],
 [312., 355.],
 [296., 355.],
 [399., 339.],
 [377., 328.],
 [383., 307.],
 [285., 350.]]",
"[[492., 492.],
 [509., 492.],
 [500., 500.],
 [509., 483.],
 [402., 574.],
 [500., 483.],
 [500., 483.],
 [352., 343.],
 [393., 557.],
 [393., 566.],
 [402., 574.],
 [402., 574.],
 [295., 648.],
 [360., 632.],
 [377., 623.],
 [369., 623.],
 [402., 467.],
 [410., 541.]]",
"[[245., 121.],
 [276., 115.],
 [251., 164.],
 [319., 337.],
 [214., 362.],
 [208., 362.],
 [208., 356.],
 [270.,  90.],
 [363., 362.],
 [227., 362.],
 [282., 244.],
 [214., 269.],
 [455., 380.],
 [338., 232.],
 [356., 263.],
 [356., 244.],
 [332., 207.],
 [208., 226.]]",
"[[224., 131.],
 [226., 127.],
 [220., 164.],
 [181., 246.],
 [183., 248.],
 [183., 248.],
 [220., 162.],
 [365., 185.],
 [209., 233.],
 [216., 233.],
 [226., 127.],
 [229., 125.],
 [263., 160.],
 [309., 144.],
 [246., 194.],
 [270., 179.],
 [280., 155.],
 [304., 296.]]",
"[[909., 324.],
 [914., 324.],
 [950., 361.],
 [964., 489.],
 [969., 489.],
 [826., 545.],
 [854., 485.],
 [771., 296.],
 [941., 476.],
 [932., 489.],
 [891., 453.],
 [872., 466.],
 [868., 384.],
 [822., 379.],
 [849., 443.],
 [771., 416.],
 [895., 393.],
 [849., 407.]]",
"[[ 48., 432.],
 [ 48., 432.],
 [ 54., 472.],
 [386., 598.],
 [392., 711.],
 [425., 525.],
 [405., 552.],
 [ 54., 373.],
 [491., 631.],
 [379., 691.],
 [319., 466.],
 [491., 598.],
 [213., 499.],
 [174., 664.],
 [386., 545.],
 [319., 684.],
 [280., 452.],
 [266., 472.]]",
"[[272., 111.],
 [274., 111.],
 [270., 117.],
 [147., 176.],
 [151., 175.],
 [149., 174.],
 [147., 175.],
 [246., 188.],
 [153., 174.],
 [224., 123.],
 [168., 123.],
 [155., 126.],
 [222.,  95.],
 [234.,  97.],
 [221., 123.],
 [217., 122.],
 [213., 195.],
 [171., 113.]]",
"[[ 90., 382.],
 [ 75., 396.],
 [108., 429.],
 [101., 432.],
 [165., 443.],
 [108., 432.],
 [104., 432.],
 [ 58., 185.],
 [172., 429.],
 [316., 389.],
 [ 72., 346.],
 [ 72., 382.],
 [215., 106.],
 [265., 106.],
 [283., 196.],
 [140., 257.],
 [115., 250.],
 [111., 303.]]",
"[[ 76., 624.],
 [ 83., 624.],
 [ 76., 624.],
 [ 69., 604.],
 [ 69., 597.],
 [246., 808.],
 [246., 801.],
 [178., 299.],
 [117., 604.],
 [117., 604.],
 [300., 733.],
 [307., 747.],
 [232., 543.],
 [165., 638.],
 [341., 557.],
 [266., 658.],
 [198., 624.],
 [232., 685.]]",
"[[418., 247.],
 [437., 242.],
 [514., 329.],
 [519., 685.],
 [519., 685.],
 [524., 685.],
 [519., 685.],
 [437., 203.],
 [596., 526.],
 [615., 569.],
 [702., 420.],
 [611., 560.],
 [519., 382.],
 [524., 386.],
 [577., 425.],
 [582., 425.],
 [586., 425.],
 [620., 550.]]",
"[[506., 587.],
 [499., 587.],
 [532., 587.],
 [532., 581.],
 [532., 581.],
 [546., 581.],
 [546., 581.],
 [566., 268.],
 [473., 401.],
 [473., 408.],
 [459., 328.],
 [433., 262.],
 [586., 302.],
 [499., 275.],
 [566., 308.],
 [546., 308.],
 [493., 302.],
 [566., 295.]]",
"[[505., 279.],
 [296., 192.],
 [296., 328.],
 [460., 451.],
 [460., 451.],
 [456., 447.],
 [452., 447.],
 [661., 492.],
 [481., 451.],
 [472., 447.],
 [489., 398.],
 [489., 398.],
 [624., 385.],
 [604., 344.],
 [538., 389.],
 [493., 385.],
 [419., 377.],
 [554., 377.]]",
"[[402., 252.],
 [329., 276.],
 [548., 676.],
 [554., 676.],
 [560., 676.],
 [554., 676.],
 [554., 676.],
 [ 69., 434.],
 [517., 634.],
 [517., 622.],
 [244., 464.],
 [244., 507.],
 [432., 616.],
 [202., 440.],
 [445., 428.],
 [354., 610.],
 [226., 397.],
 [135., 519.]]",
"[[504., 299.],
 [504., 299.],
 [504., 304.],
 [504., 295.],
 [513., 299.],
 [513., 299.],
 [508., 299.],
 [504., 295.],
 [490., 304.],
 [495., 304.],
 [463., 308.],
 [477., 304.],
 [463., 313.],
 [467., 313.],
 [445., 317.],
 [440., 317.],
 [495., 313.],
 [495., 308.]]",
"[[358., 257.],
 [318., 257.],
 [487., 351.],
 [537., 690.],
 [537., 690.],
 [542., 690.],
 [547., 690.],
 [273., 585.],
 [532., 501.],
 [547., 516.],
 [438., 640.],
 [423., 655.],
 [607., 331.],
 [532., 312.],
 [537., 456.],
 [423., 381.],
 [682., 491.],
 [403., 635.]]",
"[[692., 365.],
 [711., 377.],
 [726., 429.],
 [480., 682.],
 [484., 682.],
 [730., 432.],
 [726., 432.],
 [596., 295.],
 [469., 633.],
 [477., 641.],
 [726., 384.],
 [692., 399.],
 [577., 358.],
 [413., 377.],
 [614., 507.],
 [469., 488.],
 [692., 362.],
 [614., 403.]]",
"[[630., 384.],
 [630., 389.],
 [695., 438.],
 [715., 553.],
 [715., 553.],
 [715., 553.],
 [715., 553.],
 [481., 617.],
 [650., 652.],
 [660., 647.],
 [645., 503.],
 [645., 518.],
 [764., 617.],
 [774., 632.],
 [749., 627.],
 [744., 647.],
 [561., 632.],
 [581., 652.]]",
"[[272., 113.],
 [279., 110.],
 [282., 317.],
 [287., 317.],
 [287., 314.],
 [257., 335.],
 [254., 332.],
 [332., 221.],
 [257., 272.],
 [259., 272.],
 [289., 307.],
 [277., 287.],
 [257., 128.],
 [153., 201.],
 [257., 206.],
 [264., 244.],
 [274., 113.],
 [292., 246.]]",
"[[351., 331.],
 [356., 326.],
 [351., 335.],
 [280., 321.],
 [280., 326.],
 [356., 326.],
 [280., 326.],
 [475., 326.],
 [342., 335.],
 [342., 335.],
 [342., 340.],
 [342., 335.],
 [537., 340.],
 [494., 378.],
 [527., 397.],
 [475., 388.],
 [518., 383.],
 [366., 369.]]",
"[[451., 154.],
 [430., 481.],
 [424., 529.],
 [424., 508.],
 [424., 508.],
 [430., 794.],
 [430., 794.],
 [281.,  93.],
 [417., 481.],
 [342., 542.],
 [335., 536.],
 [471., 454.],
 [281., 134.],
 [424., 107.],
 [492., 400.],
 [301., 474.],
 [451., 148.],
 [267., 182.]]",
"[[477., 373.],
 [115., 373.],
 [489., 385.],
 [342., 569.],
 [348., 569.],
 [495., 379.],
 [489., 379.],
 [385., 281.],
 [348., 581.],
 [342., 575.],
 [440., 348.],
 [446., 354.],
 [409., 397.],
 [250., 409.],
 [366., 587.],
 [336., 618.],
 [409., 336.],
 [354., 330.]]",
"[[303., 322.],
 [294., 324.],
 [195., 340.],
 [115., 355.],
 [119., 357.],
 [117., 357.],
 [195., 342.],
 [269., 111.],
 [144., 301.],
 [139., 344.],
 [144., 293.],
 [146., 301.],
 [296., 250.],
 [184., 174.],
 [247., 268.],
 [186., 223.],
 [289., 161.],
 [220., 154.]]",
"[[580., 584.],
 [584., 596.],
 [564., 640.],
 [576., 644.],
 [580., 644.],
 [572., 644.],
 [576., 644.],
 [159., 584.],
 [556., 632.],
 [552., 632.],
 [354., 640.],
 [350., 644.],
 [389., 315.],
 [270., 354.],
 [377., 449.],
 [318., 422.],
 [306., 580.],
 [294., 640.]]",
"[[353.,  85.],
 [353.,  89.],
 [564., 142.],
 [497., 406.],
 [468., 444.],
 [511., 353.],
 [473., 439.],
 [679., 128.],
 [569., 396.],
 [574., 396.],
 [569., 396.],
 [574., 401.],
 [660., 248.],
 [641., 252.],
 [651., 353.],
 [612., 363.],
 [607., 267.],
 [660., 348.]]",
"[[456., 365.],
 [450., 352.],
 [412., 870.],
 [399., 592.],
 [405., 592.],
 [399., 598.],
 [399., 592.],
 [229., 819.],
 [450., 592.],
 [450., 586.],
 [405., 901.],
 [393., 889.],
 [765., 535.],
 [765., 624.],
 [658., 535.],
 [607., 611.],
 [683., 630.],
 [380., 794.]]",
"[[ 39., 367.],
 [ 42., 361.],
 [ 79., 389.],
 [169., 420.],
 [194., 463.],
 [172., 417.],
 [172., 417.],
 [218., 212.],
 [175., 370.],
 [172., 370.],
 [141., 216.],
 [107., 234.],
 [107., 305.],
 [104., 290.],
 [147., 327.],
 [150., 302.],
 [184., 243.],
 [289., 250.]]",
"[[337., 228.],
 [351., 228.],
 [516., 463.],
 [337., 221.],
 [344., 228.],
 [344., 228.],
 [344., 221.],
 [627., 345.],
 [475., 518.],
 [454., 525.],
 [392., 470.],
 [413., 490.],
 [613., 366.],
 [627., 345.],
 [578., 463.],
 [482., 490.],
 [606., 449.],
 [572., 359.]]",
"[[136., 780.],
 [136., 759.],
 [367., 318.],
 [224., 848.],
 [231., 848.],
 [231., 854.],
 [231., 848.],
 [ 95., 630.],
 [421., 705.],
 [428., 698.],
 [374., 705.],
 [435., 474.],
 [272., 488.],
 [197., 624.],
 [414., 610.],
 [319., 692.],
 [252., 664.],
 [265., 753.]]",
"[[599., 318.],
 [428., 324.],
 [586., 444.],
 [536., 513.],
 [542., 513.],
 [542., 520.],
 [536., 520.],
 [542., 192.],
 [157., 715.],
 [195., 715.],
 [567., 431.],
 [145., 703.],
 [548., 362.],
 [365., 286.],
 [542., 482.],
 [296., 457.],
 [593., 356.],
 [435., 299.]]",
"[[327., 151.],
 [329., 155.],
 [221., 256.],
 [273., 238.],
 [244., 157.],
 [244., 157.],
 [244., 157.],
 [315., 142.],
 [273., 220.],
 [277., 247.],
 [219., 142.],
 [219., 144.],
 [188., 256.],
 [172., 252.],
 [250., 243.],
 [212., 245.],
 [201., 158.],
 [195., 169.]]",
"[[343., 536.],
 [527., 585.],
 [478., 609.],
 [394., 696.],
 [394., 694.],
 [394., 694.],
 [396., 694.],
 [485., 541.],
 [416., 629.],
 [423., 629.],
 [403., 616.],
 [427., 685.],
 [522., 645.],
 [509., 587.],
 [462., 656.],
 [405., 625.],
 [347., 592.],
 [502., 616.]]",
"[[630., 428.],
 [630., 342.],
 [415., 546.],
 [415., 550.],
 [419., 546.],
 [419., 550.],
 [419., 546.],
 [406., 277.],
 [618., 460.],
 [622., 448.],
 [630., 452.],
 [626., 452.],
 [639., 363.],
 [614., 379.],
 [610., 432.],
 [602., 428.],
 [488., 411.],
 [594., 395.]]",
"[[612., 279.],
 [618., 279.],
 [612., 291.],
 [629., 274.],
 [629., 274.],
 [635., 274.],
 [629., 274.],
 [251., 124.],
 [601., 279.],
 [601., 285.],
 [596., 274.],
 [601., 285.],
 [473., 330.],
 [390., 174.],
 [468., 346.],
 [462., 346.],
 [456., 285.],
 [479., 352.]]",
"[[366., 270.],
 [371., 270.],
 [366., 275.],
 [357., 265.],
 [371., 522.],
 [371., 517.],
 [376., 517.],
 [518., 384.],
 [585., 474.],
 [589., 469.],
 [537., 422.],
 [618., 403.],
 [518., 393.],
 [504., 403.],
 [613., 417.],
 [528., 422.],
 [509., 374.],
 [618., 398.]]",
"[[503., 213.],
 [503., 213.],
 [443., 627.],
 [443., 469.],
 [439., 627.],
 [443., 627.],
 [443., 622.],
 [621., 627.],
 [448., 459.],
 [453., 454.],
 [473., 578.],
 [468., 568.],
 [542., 395.],
 [512., 331.],
 [552., 415.],
 [577., 474.],
 [586., 464.],
 [596., 479.]]",
"[[494., 347.],
 [509., 355.],
 [479., 355.],
 [494., 340.],
 [301., 556.],
 [248., 451.],
 [248., 451.],
 [196., 146.],
 [353., 533.],
 [338., 548.],
 [241., 325.],
 [234., 325.],
 [472., 459.],
 [494., 489.],
 [435., 496.],
 [420., 518.],
 [301., 250.],
 [152., 302.]]",
"[[347., 303.],
 [308., 316.],
 [363., 361.],
 [411., 538.],
 [401., 445.],
 [421., 544.],
 [417., 541.],
 [543., 496.],
 [501., 435.],
 [369., 454.],
 [459., 593.],
 [456., 593.],
 [414., 352.],
 [260., 368.],
 [421., 400.],
 [289., 467.],
 [459., 548.],
 [466., 522.]]",
"[[547., 114.],
 [555., 114.],
 [312., 557.],
 [187., 850.],
 [187., 850.],
 [496., 934.],
 [496., 926.],
 [421.,  97.],
 [572., 616.],
 [572., 616.],
 [597., 172.],
 [605., 197.],
 [387., 248.],
 [379., 281.],
 [454., 624.],
 [379., 532.],
 [655., 214.],
 [488., 248.]]",
"[[181., 372.],
 [188., 372.],
 [252., 372.],
 [538., 622.],
 [545., 622.],
 [538., 622.],
 [538., 622.],
 [ 95., 458.],
 [409., 601.],
 [524., 608.],
 [267., 401.],
 [238., 401.],
 [238., 601.],
 [238., 637.],
 [388., 429.],
 [388., 601.],
 [245., 401.],
 [238., 494.]]",
"[[534., 112.],
 [433.,  97.],
 [511., 104.],
 [310., 359.],
 [302., 359.],
 [310., 351.],
 [310., 351.],
 [735.,  66.],
 [781., 375.],
 [317., 336.],
 [758., 236.],
 [742., 220.],
 [611., 174.],
 [588., 181.],
 [619., 205.],
 [588., 251.],
 [557., 189.],
 [650., 189.]]",
"[[406., 334.],
 [416., 334.],
 [641., 762.],
 [641., 762.],
 [646., 762.],
 [646., 762.],
 [646., 762.],
 [373., 206.],
 [545., 570.],
 [555., 570.],
 [662., 414.],
 [662., 420.],
 [470., 404.],
 [448., 420.],
 [513., 473.],
 [496., 495.],
 [448., 313.],
 [325., 329.]]",
"[[ 38., 484.],
 [ 44., 484.],
 [ 38., 502.],
 [423., 577.],
 [347., 653.],
 [417., 577.],
 [423., 577.],
 [ 67., 303.],
 [294., 665.],
 [312., 659.],
 [341., 496.],
 [294., 706.],
 [131., 467.],
 [137., 420.],
 [323., 659.],
 [236., 636.],
 [271., 443.],
 [137., 472.]]",
"[[394., 151.],
 [275., 196.],
 [440., 242.],
 [734., 536.],
 [734., 536.],
 [729., 536.],
 [723., 536.],
 [247., 168.],
 [530., 695.],
 [547., 695.],
 [343., 508.],
 [224., 570.],
 [474., 304.],
 [292., 310.],
 [508., 497.],
 [247., 497.],
 [179., 366.],
 [196., 395.]]",
"[[560.,  81.],
 [572.,  81.],
 [591., 139.],
 [413., 400.],
 [413., 400.],
 [732., 643.],
 [732., 643.],
 [445.,  50.],
 [553., 337.],
 [560., 343.],
 [591., 254.],
 [343., 337.],
 [540., 203.],
 [572.,  94.],
 [591., 349.],
 [591., 132.],
 [598., 190.],
 [336., 247.]]",
"[[ 98., 709.],
 [105., 716.],
 [ 98., 757.],
 [534., 515.],
 [278., 820.],
 [534., 515.],
 [527., 522.],
 [237., 647.],
 [306., 743.],
 [306., 750.],
 [237., 743.],
 [230., 757.],
 [258., 626.],
 [264., 626.],
 [382., 654.],
 [327., 640.],
 [292., 633.],
 [285., 716.]]",
"[[342., 302.],
 [342., 319.],
 [351., 336.],
 [325., 319.],
 [334., 310.],
 [612., 632.],
 [612., 632.],
 [168.,  58.],
 [455., 354.],
 [429., 362.],
 [438., 362.],
 [490., 319.],
 [620., 189.],
 [603., 258.],
 [568., 293.],
 [560., 319.],
 [360., 310.],
 [394., 380.]]",
