"[[161., 195.],
 [157., 195.],
 [140., 202.],
 [149., 300.],
 [149., 300.],
 [194., 212.],
 [194., 211.],
 [ 81., 303.],
 [145., 278.],
 [147., 276.],
 [106., 318.],
 [170., 199.],
 [104., 227.],
 [131., 219.],
 [114., 241.],
 [125., 244.],
 [102., 292.],
 [164., 318.]]",
"[[ 59.,  73.],
 [ 71.,  76.],
 [ 53., 106.],
 [132., 363.],
 [132., 357.],
 [274., 363.],
 [253., 336.],
 [265., 109.],
 [141., 294.],
 [135., 285.],
 [313., 300.],
 [283., 273.],
 [126., 148.],
 [138., 133.],
 [132., 218.],
 [144., 197.],
 [280., 215.],
 [256., 185.]]",
"[[337.,  98.],
 [348., 100.],
 [351., 125.],
 [301., 312.],
 [285., 335.],
 [191., 326.],
 [114., 337.],
 [169., 133.],
 [296., 271.],
 [298., 288.],
 [177., 266.],
 [114., 288.],
 [287., 156.],
 [304., 175.],
 [279., 205.],
 [301., 230.],
 [180., 191.],
 [158., 227.]]",
"[[725., 227.],
 [730., 223.],
 [743., 306.],
 [659., 549.],
 [664., 549.],
 [659., 545.],
 [443., 434.],
 [421., 103.],
 [739., 377.],
 [752., 377.],
 [730., 373.],
 [743., 302.],
 [686., 262.],
 [673., 293.],
 [664., 311.],
 [668., 311.],
 [553., 253.],
 [584., 249.]]",
"[[335., 190.],
 [328., 189.],
 [282.,  98.],
 [295., 180.],
 [296., 180.],
 [364., 164.],
 [364., 164.],
 [348.,  89.],
 [295., 176.],
 [296., 177.],
 [367., 142.],
 [365., 134.],
 [299., 106.],
 [289.,  98.],
 [331., 122.],
 [302., 120.],
 [366., 127.],
 [346., 109.]]",
"[[293.,  92.],
 [306.,  92.],
 [311., 116.],
 [260., 263.],
 [255., 276.],
 [135., 373.],
 [132., 375.],
 [159., 167.],
 [252., 252.],
 [242., 268.],
 [143., 284.],
 [143., 322.],
 [239., 148.],
 [271., 161.],
 [236., 191.],
 [260., 209.],
 [151., 215.],
 [169., 252.]]",
"[[241.,  59.],
 [229.,  56.],
 [177.,  59.],
 [271., 364.],
 [247., 367.],
 [271., 364.],
 [274., 364.],
 [100., 291.],
 [253., 337.],
 [244., 343.],
 [235., 331.],
 [247., 337.],
 [192., 111.],
 [189., 126.],
 [277., 190.],
 [152., 187.],
 [128., 285.],
 [180., 141.]]",
"[[265., 100.],
 [264.,  99.],
 [296., 150.],
 [279., 151.],
 [249., 160.],
 [279., 151.],
 [279., 151.],
 [319., 135.],
 [278., 149.],
 [280., 149.],
 [280., 148.],
 [280., 148.],
 [288., 103.],
 [302., 100.],
 [288., 116.],
 [296., 112.],
 [306., 147.],
 [310., 139.]]",
"[[285., 155.],
 [276., 157.],
 [230.,  90.],
 [294., 144.],
 [294., 144.],
 [293., 143.],
 [294., 143.],
 [307.,  78.],
 [268., 146.],
 [251., 150.],
 [234.,  89.],
 [232.,  90.],
 [262., 101.],
 [267.,  98.],
 [283., 107.],
 [257., 123.],
 [254.,  98.],
 [300.,  99.]]",
"[[120., 129.],
 [ 98., 132.],
 [146., 139.],
 [155., 347.],
 [159., 347.],
 [159., 347.],
 [159., 347.],
 [ 69., 225.],
 [143., 321.],
 [143., 318.],
 [127., 296.],
 [136., 318.],
 [127., 215.],
 [ 72., 231.],
 [139., 251.],
 [130., 257.],
 [130., 228.],
 [136., 235.]]",
"[[318.,  52.],
 [331.,  55.],
 [334., 107.],
 [321., 365.],
 [321., 365.],
 [191., 336.],
 [191., 339.],
 [158.,  68.],
 [288., 323.],
 [285., 336.],
 [129., 251.],
 [132., 277.],
 [295., 117.],
 [308., 137.],
 [285., 182.],
 [288., 212.],
 [171., 150.],
 [155., 186.]]",
"[[250.,  75.],
 [247.,  78.],
 [266., 111.],
 [188., 324.],
 [222., 338.],
 [ 93., 313.],
 [ 76., 344.],
 [101., 111.],
 [191., 271.],
 [208., 279.],
 [ 98., 243.],
 [ 84., 263.],
 [194., 128.],
 [174., 145.],
 [194., 187.],
 [180., 215.],
 [121., 170.],
 [ 87., 193.]]",
"[[237., 140.],
 [232., 142.],
 [237., 185.],
 [291., 312.],
 [291., 312.],
 [ 90., 301.],
 [ 41., 295.],
 [ 95., 110.],
 [245., 263.],
 [240., 266.],
 [ 81., 239.],
 [ 49., 239.],
 [189., 148.],
 [165., 156.],
 [210., 193.],
 [170., 210.],
 [111., 180.],
 [ 76., 191.]]",
"[[197., 118.],
 [197., 117.],
 [206., 130.],
 [153., 182.],
 [154., 180.],
 [154., 182.],
 [153., 182.],
 [ 68.,  84.],
 [151., 177.],
 [153., 177.],
 [ 42., 154.],
 [ 38., 156.],
 [114.,  84.],
 [128.,  86.],
 [132., 123.],
 [117., 157.],
 [ 81., 109.],
 [ 67., 167.]]",
"[[327., 104.],
 [340., 113.],
 [316., 142.],
 [251., 322.],
 [251., 322.],
 [110., 262.],
 [101., 284.],
 [169., 102.],
 [248., 286.],
 [243., 303.],
 [120., 210.],
 [ 99., 246.],
 [278., 148.],
 [300., 161.],
 [262., 202.],
 [256., 240.],
 [175., 167.],
 [156., 213.]]",
"[[272.,  95.],
 [214.,  89.],
 [246., 179.],
 [185., 247.],
 [256., 324.],
 [162., 385.],
 [162., 389.],
 [ 88.,  86.],
 [188., 276.],
 [204., 302.],
 [ 21., 372.],
 [159., 382.],
 [172., 105.],
 [166., 118.],
 [188., 176.],
 [227., 198.],
 [ 88., 250.],
 [191., 285.]]",
"[[228., 139.],
 [230., 141.],
 [221., 144.],
 [221., 244.],
 [190., 146.],
 [222., 244.],
 [221., 244.],
 [131., 209.],
 [212., 222.],
 [213., 222.],
 [178., 231.],
 [212., 221.],
 [171., 158.],
 [164., 152.],
 [175., 178.],
 [183., 176.],
 [160., 228.],
 [171., 225.]]",
"[[660., 513.],
 [657., 501.],
 [657., 504.],
 [784., 410.],
 [802., 700.],
 [875., 619.],
 [923., 619.],
 [905., 422.],
 [796., 694.],
 [802., 694.],
 [793., 673.],
 [793., 676.],
 [705., 485.],
 [687., 491.],
 [851., 543.],
 [720., 552.],
 [693., 531.],
 [878., 519.]]",
"[[219., 137.],
 [222., 143.],
 [219., 182.],
 [177., 307.],
 [180., 307.],
 [109., 309.],
 [ 64., 340.],
 [ 92.,  98.],
 [169., 275.],
 [171., 278.],
 [ 92., 239.],
 [ 73., 239.],
 [180., 137.],
 [186., 157.],
 [160., 194.],
 [177., 222.],
 [109., 165.],
 [ 59., 185.]]",
"[[ 77., 192.],
 [ 87., 189.],
 [ 77., 226.],
 [ 71., 222.],
 [105., 303.],
 [ 87., 334.],
 [167., 383.],
 [337., 210.],
 [ 93., 219.],
 [225., 374.],
 [229., 377.],
 [ 74., 213.],
 [158., 213.],
 [148., 204.],
 [225., 253.],
 [213., 244.],
 [142., 216.],
 [290., 263.]]",
"[[234., 218.],
 [205., 165.],
 [202., 169.],
 [205., 165.],
 [205., 162.],
 [183., 391.],
 [181., 391.],
 [108., 309.],
 [246., 218.],
 [188., 285.],
 [140., 343.],
 [299., 384.],
 [106., 208.],
 [ 99., 165.],
 [164., 227.],
 [144., 237.],
 [140., 326.],
 [275., 280.]]",
"[[242.,  91.],
 [243.,  93.],
 [248.,  97.],
 [224., 153.],
 [224., 153.],
 [224., 153.],
 [224., 152.],
 [192., 131.],
 [222., 148.],
 [224., 147.],
 [202., 154.],
 [200., 156.],
 [215., 108.],
 [221., 116.],
 [220., 117.],
 [222., 130.],
 [202., 138.],
 [200., 148.]]",
"[[ 87., 112.],
 [ 96., 112.],
 [ 81., 134.],
 [205., 330.],
 [205., 330.],
 [259., 277.],
 [255., 277.],
 [218., 129.],
 [203., 304.],
 [131., 236.],
 [266., 234.],
 [255., 225.],
 [122., 164.],
 [144., 153.],
 [127., 203.],
 [144., 188.],
 [246., 197.],
 [214., 179.]]",
"[[328., 117.],
 [341., 117.],
 [336., 158.],
 [301., 337.],
 [301., 337.],
 [144., 320.],
 [125., 342.],
 [155., 112.],
 [236., 272.],
 [282., 274.],
 [125., 245.],
 [125., 253.],
 [258., 144.],
 [282., 155.],
 [255., 190.],
 [282., 207.],
 [149., 172.],
 [166., 193.]]",
"[[202., 146.],
 [199., 146.],
 [244., 272.],
 [144., 282.],
 [144., 283.],
 [186., 275.],
 [246., 269.],
 [271., 157.],
 [150., 263.],
 [152., 264.],
 [157., 260.],
 [186., 275.],
 [221., 166.],
 [211., 171.],
 [214., 197.],
 [213., 197.],
 [268., 211.],
 [260., 197.]]",
"[[217.,  84.],
 [140., 109.],
 [198., 144.],
 [225., 328.],
 [222., 328.],
 [222., 328.],
 [225., 328.],
 [ 83., 188.],
 [222., 292.],
 [222., 298.],
 [214., 292.],
 [220., 289.],
 [140., 123.],
 [192., 136.],
 [203., 180.],
 [187., 185.],
 [143., 295.],
 [129., 106.]]",
"[[ 81., 299.],
 [ 81., 314.],
 [114., 323.],
 [308., 248.],
 [326., 308.],
 [150., 194.],
 [308., 248.],
 [ 81., 170.],
 [245., 287.],
 [272., 299.],
 [132., 170.],
 [120., 185.],
 [105., 209.],
 [102., 284.],
 [171., 245.],
 [180., 293.],
 [144., 182.],
 [108., 209.]]",
"[[274., 202.],
 [277., 202.],
 [274., 208.],
 [ 66., 315.],
 [231., 242.],
 [ 66., 315.],
 [ 66., 315.],
 [214., 173.],
 [101., 312.],
 [ 98., 312.],
 [104., 323.],
 [ 92., 309.],
 [205., 187.],
 [208., 182.],
 [176., 231.],
 [167., 242.],
 [130., 239.],
 [231., 375.]]",
"[[287., 191.],
 [287., 191.],
 [308., 194.],
 [268., 285.],
 [276., 285.],
 [219., 339.],
 [219., 339.],
 [252., 207.],
 [271., 282.],
 [274., 282.],
 [193., 290.],
 [193., 288.],
 [239., 216.],
 [247., 210.],
 [246., 256.],
 [255., 255.],
 [235., 251.],
 [219., 244.]]",
"[[226., 166.],
 [229., 165.],
 [228., 179.],
 [307., 166.],
 [249., 268.],
 [307., 166.],
 [307., 166.],
 [324., 249.],
 [256., 238.],
 [260., 224.],
 [256., 262.],
 [218., 179.],
 [266., 173.],
 [280., 174.],
 [265., 203.],
 [274., 199.],
 [297., 263.],
 [301., 249.]]",
"[[305., 161.],
 [312., 168.],
 [344., 238.],
 [292., 325.],
 [347., 234.],
 [344., 238.],
 [347., 234.],
 [274., 161.],
 [180., 255.],
 [184., 252.],
 [337., 193.],
 [319., 196.],
 [246., 224.],
 [278., 255.],
 [226., 238.],
 [212., 238.],
 [121., 210.],
 [121., 210.]]",
"[[127.,  65.],
 [136.,  62.],
 [170.,  56.],
 [182., 350.],
 [179., 353.],
 [179., 350.],
 [182., 350.],
 [277., 206.],
 [164., 304.],
 [164., 304.],
 [161., 310.],
 [161., 304.],
 [149., 157.],
 [204., 145.],
 [146., 218.],
 [195., 191.],
 [195., 282.],
 [274., 267.]]",
"[[263.,  52.],
 [277.,  48.],
 [280.,  80.],
 [256., 358.],
 [266., 375.],
 [144., 379.],
 [ 64., 382.],
 [127., 142.],
 [238., 344.],
 [242., 354.],
 [117., 313.],
 [ 54., 306.],
 [235., 146.],
 [252., 156.],
 [231., 215.],
 [245., 236.],
 [141., 219.],
 [106., 240.]]",
"[[246.,  87.],
 [249.,  96.],
 [226.,  87.],
 [ 46., 220.],
 [ 46., 223.],
 [142., 278.],
 [142., 310.],
 [330., 226.],
 [133., 214.],
 [133., 211.],
 [188., 278.],
 [197., 310.],
 [234., 151.],
 [263., 191.],
 [200., 177.],
 [223., 217.],
 [234., 223.],
 [249., 298.]]",
"[[248., 135.],
 [251., 135.],
 [261., 135.],
 [136., 152.],
 [132., 260.],
 [134., 260.],
 [290., 253.],
 [240., 154.],
 [159., 260.],
 [171., 219.],
 [119., 229.],
 [245., 287.],
 [201., 161.],
 [219., 159.],
 [179., 176.],
 [193., 184.],
 [256., 243.],
 [256., 228.]]",
"[[239., 160.],
 [232., 160.],
 [251., 187.],
 [229., 367.],
 [200., 369.],
 [200., 367.],
 [232., 367.],
 [163., 271.],
 [222., 325.],
 [217., 322.],
 [217., 313.],
 [222., 320.],
 [229., 234.],
 [185., 229.],
 [234., 273.],
 [232., 273.],
 [232., 261.],
 [178., 256.]]",
"[[251., 164.],
 [251., 167.],
 [267., 170.],
 [349., 320.],
 [349., 318.],
 [349., 320.],
 [349., 320.],
 [240., 167.],
 [259., 281.],
 [240., 278.],
 [238., 291.],
 [277., 267.],
 [253., 204.],
 [216., 217.],
 [219., 228.],
 [216., 233.],
 [214., 217.],
 [169., 217.]]",
"[[147., 126.],
 [157., 123.],
 [131., 116.],
 [ 46., 319.],
 [ 59., 322.],
 [209., 361.],
 [206., 358.],
 [323., 279.],
 [ 69., 319.],
 [ 69., 322.],
 [274., 371.],
 [281., 351.],
 [140., 250.],
 [176., 218.],
 [127., 325.],
 [160., 253.],
 [284., 341.],
 [284., 296.]]",
"[[216., 160.],
 [222., 157.],
 [219., 166.],
 [222., 157.],
 [222., 160.],
 [305., 354.],
 [305., 354.],
 [222., 157.],
 [201., 187.],
 [201., 190.],
 [207., 351.],
 [213., 348.],
 [219., 154.],
 [183., 187.],
 [174., 199.],
 [192., 208.],
 [195., 232.],
 [195., 226.]]",
"[[115., 133.],
 [ 76., 130.],
 [ 84., 183.],
 [ 98., 401.],
 [109., 399.],
 [229., 396.],
 [224., 393.],
 [243., 197.],
 [103., 401.],
 [109., 399.],
 [299., 295.],
 [277., 295.],
 [ 98., 228.],
 [123., 217.],
 [ 98., 337.],
 [103., 337.],
 [277., 315.],
 [229., 273.]]",
"[[292., 144.],
 [276., 149.],
 [320., 198.],
 [369., 239.],
 [369., 239.],
 [153., 306.],
 [153., 309.],
 [101., 203.],
 [354., 229.],
 [351., 224.],
 [158., 247.],
 [155., 268.],
 [297., 201.],
 [289., 170.],
 [253., 203.],
 [230., 193.],
 [166., 185.],
 [158., 188.]]",
"[[318.,  94.],
 [333.,  97.],
 [324., 133.],
 [252., 348.],
 [252., 348.],
 [163., 333.],
 [163., 342.],
 [172., 106.],
 [279., 276.],
 [279., 279.],
 [139., 252.],
 [145., 297.],
 [306., 151.],
 [318., 154.],
 [303., 205.],
 [288., 243.],
 [175., 178.],
 [163., 208.]]",
"[[271., 130.],
 [280., 130.],
 [271., 161.],
 [275., 254.],
 [277., 254.],
 [144., 259.],
 [ 86., 250.],
 [137.,  88.],
 [251., 208.],
 [206., 214.],
 [142., 210.],
 [ 79., 199.],
 [219., 119.],
 [219., 119.],
 [213., 157.],
 [211., 157.],
 [146., 141.],
 [113., 154.]]",
"[[202., 153.],
 [203., 153.],
 [217., 163.],
 [183., 253.],
 [183., 253.],
 [183., 254.],
 [183., 253.],
 [110., 230.],
 [174., 222.],
 [174., 224.],
 [133., 257.],
 [132., 260.],
 [149., 161.],
 [150., 169.],
 [156., 176.],
 [163., 188.],
 [132., 233.],
 [136., 248.]]",
"[[152., 145.],
 [154., 138.],
 [162., 192.],
 [ 66., 376.],
 [ 68., 376.],
 [ 66., 376.],
 [ 66., 376.],
 [287., 295.],
 [ 93., 349.],
 [ 91., 354.],
 [ 93., 349.],
 [ 86., 354.],
 [137., 197.],
 [137., 199.],
 [ 91., 256.],
 [203., 239.],
 [206., 246.],
 [220., 334.]]",
"[[281., 144.],
 [288., 141.],
 [302., 175.],
 [340., 323.],
 [343., 326.],
 [ 82., 323.],
 [ 79., 330.],
 [ 99., 182.],
 [323., 285.],
 [323., 295.],
 [ 68., 278.],
 [ 44., 292.],
 [240., 210.],
 [250., 213.],
 [247., 247.],
 [268., 251.],
 [113., 237.],
 [ 82., 254.]]",
"[[165., 113.],
 [165., 113.],
 [156., 151.],
 [229., 370.],
 [229., 361.],
 [305., 364.],
 [302., 358.],
 [293., 142.],
 [232., 326.],
 [232., 318.],
 [305., 341.],
 [308., 294.],
 [226., 192.],
 [214., 174.],
 [226., 262.],
 [223., 233.],
 [290., 280.],
 [290., 207.]]",
"[[160., 121.],
 [161., 117.],
 [191., 118.],
 [239., 182.],
 [191., 117.],
 [239., 179.],
 [239., 179.],
 [157., 180.],
 [222., 142.],
 [227., 148.],
 [219., 202.],
 [220., 204.],
 [183., 122.],
 [228., 124.],
 [188., 138.],
 [208., 134.],
 [173., 192.],
 [185., 199.]]",
"[[126.,  80.],
 [132.,  74.],
 [ 77.,  83.],
 [ 77.,  83.],
 [ 74.,  83.],
 [234., 339.],
 [231., 339.],
 [259., 219.],
 [108., 287.],
 [108., 287.],
 [111., 287.],
 [228., 308.],
 [126., 163.],
 [169., 148.],
 [123., 213.],
 [126., 216.],
 [129., 250.],
 [222., 250.]]",
"[[119., 105.],
 [119., 108.],
 [ 60., 168.],
 [307., 289.],
 [307., 286.],
 [307., 293.],
 [307., 289.],
 [307., 161.],
 [303., 279.],
 [300., 279.],
 [307., 273.],
 [290., 256.],
 [122., 164.],
 [159., 154.],
 [224., 253.],
 [155., 204.],
 [317., 250.],
 [270., 207.]]",
"[[ 37., 146.],
 [ 51., 143.],
 [ 34., 170.],
 [ 54., 299.],
 [149., 306.],
 [221., 337.],
 [377., 292.],
 [244., 160.],
 [ 68., 286.],
 [142., 289.],
 [251., 299.],
 [319., 272.],
 [102., 201.],
 [125., 180.],
 [ 88., 245.],
 [132., 224.],
 [248., 252.],
 [251., 214.]]",
"[[246., 107.],
 [232., 118.],
 [204., 111.],
 [286., 266.],
 [286., 266.],
 [284., 268.],
 [286., 266.],
 [141., 238.],
 [279., 252.],
 [284., 252.],
 [195., 301.],
 [195., 301.],
 [211., 172.],
 [244., 186.],
 [265., 200.],
 [258., 233.],
 [188., 247.],
 [199., 287.]]",
"[[2413., 2161.],
 [2430., 2161.],
 [2430., 2178.],
 [2379., 2161.],
 [2396., 2161.],
 [2396., 2178.],
 [2413., 2178.],
 [3111., 1769.],
 [2413., 2195.],
 [3077., 2416.],
 [3179., 2161.],
 [3060., 2178.],
 [3384., 1888.],
 [3469., 1939.],
 [3333., 2144.],
 [2941., 2093.],
 [3384., 2093.],
 [2975., 2059.]]",
"[[206., 122.],
 [212., 130.],
 [230., 187.],
 [131., 345.],
 [134., 345.],
 [233., 184.],
 [204., 222.],
 [155., 106.],
 [139., 318.],
 [147., 294.],
 [217., 147.],
 [198., 163.],
 [204., 173.],
 [206., 144.],
 [230., 267.],
 [212., 273.],
 [217., 128.],
 [139., 160.]]",
"[[179., 152.],
 [187., 154.],
 [189., 162.],
 [167., 293.],
 [167., 295.],
 [ 97., 317.],
 [126., 332.],
 [109., 216.],
 [177., 266.],
 [177., 271.],
 [ 99., 283.],
 [101., 299.],
 [163., 203.],
 [175., 213.],
 [167., 230.],
 [177., 244.],
 [112., 244.],
 [111., 266.]]",
"[[161., 110.],
 [160., 111.],
 [169., 120.],
 [134., 198.],
 [136., 197.],
 [136., 196.],
 [136., 197.],
 [ 94., 162.],
 [133., 187.],
 [135., 184.],
 [107., 197.],
 [105., 197.],
 [121., 136.],
 [112., 159.],
 [130., 161.],
 [125., 162.],
 [103., 177.],
 [104., 190.]]",
"[[283., 246.],
 [281., 262.],
 [274., 287.],
 [238., 315.],
 [267., 331.],
 [163., 320.],
 [163., 322.],
 [154., 135.],
 [225., 307.],
 [230., 309.],
 [132., 258.],
 [123., 275.],
 [238., 224.],
 [230., 246.],
 [216., 253.],
 [218., 280.],
 [152., 189.],
 [120., 213.]]",
"[[235.,  94.],
 [243.,  91.],
 [255., 111.],
 [226., 312.],
 [223., 326.],
 [ 90., 335.],
 [ 90., 343.],
 [107., 148.],
 [212., 289.],
 [212., 301.],
 [ 90., 286.],
 [ 79., 309.],
 [195., 162.],
 [209., 167.],
 [195., 213.],
 [212., 227.],
 [110., 218.],
 [107., 241.]]",
"[[241., 116.],
 [ 80., 308.],
 [270., 155.],
 [228., 355.],
 [231., 355.],
 [270., 152.],
 [270., 152.],
 [158., 119.],
 [200., 313.],
 [208., 313.],
 [239., 119.],
 [236., 124.],
 [171., 165.],
 [109., 220.],
 [200., 230.],
 [158., 256.],
 [130., 233.],
 [197., 155.]]",
"[[322.,  63.],
 [331.,  66.],
 [328., 126.],
 [325., 123.],
 [331., 114.],
 [298., 291.],
 [298., 291.],
 [280.,  27.],
 [319., 126.],
 [352., 138.],
 [142., 342.],
 [136., 345.],
 [232.,  75.],
 [241., 114.],
 [232., 186.],
 [310., 117.],
 [112., 201.],
 [205., 240.]]",
"[[154., 152.],
 [160., 155.],
 [160., 155.],
 [157., 149.],
 [157., 149.],
 [ 52., 312.],
 [ 86., 391.],
 [157., 152.],
 [163., 161.],
 [172., 158.],
 [ 25., 278.],
 [ 52., 220.],
 [316., 118.],
 [249., 207.],
 [230., 155.],
 [184., 217.],
 [301., 266.],
 [325., 213.]]",
"[[277., 132.],
 [280., 132.],
 [228., 258.],
 [193., 264.],
 [151., 357.],
 [151., 357.],
 [151., 357.],
 [232.,  71.],
 [196., 341.],
 [199., 338.],
 [199., 338.],
 [196., 338.],
 [215., 135.],
 [193., 167.],
 [219., 277.],
 [132., 212.],
 [132., 174.],
 [222., 280.]]",
"[[222., 122.],
 [229., 124.],
 [232., 168.],
 [236., 373.],
 [ 95., 361.],
 [ 92., 361.],
 [ 92., 244.],
 [102.,  87.],
 [210., 349.],
 [112., 339.],
 [122., 200.],
 [ 90., 209.],
 [170., 122.],
 [100., 136.],
 [175., 192.],
 [ 95., 212.],
 [ 85., 168.],
 [ 78., 156.]]",
"[[231.,  95.],
 [232.,  96.],
 [234.,  99.],
 [215., 169.],
 [215., 169.],
 [215., 169.],
 [215., 168.],
 [167.,  97.],
 [234., 175.],
 [236., 176.],
 [162., 180.],
 [162., 179.],
 [202., 109.],
 [185., 114.],
 [214., 132.],
 [182., 129.],
 [174., 121.],
 [174., 132.]]",
"[[275.,  77.],
 [269.,  77.],
 [261.,  88.],
 [255., 306.],
 [255., 306.],
 [258., 309.],
 [255., 230.],
 [275., 131.],
 [272., 244.],
 [263., 272.],
 [326., 306.],
 [286., 275.],
 [280., 162.],
 [263., 159.],
 [261., 187.],
 [261., 185.],
 [261., 267.],
 [297., 270.]]",
"[[253., 136.],
 [211., 237.],
 [206., 242.],
 [206., 237.],
 [208., 237.],
 [121., 379.],
 [121., 379.],
 [191., 275.],
 [196., 290.],
 [196., 287.],
 [193., 287.],
 [193., 290.],
 [119., 235.],
 [136., 235.],
 [116., 247.],
 [183., 280.],
 [ 30., 228.],
 [109., 237.]]",
"[[117.,  60.],
 [127.,  60.],
 [107.,  77.],
 [141., 285.],
 [141., 282.],
 [255., 376.],
 [309., 376.],
 [265., 154.],
 [158., 275.],
 [151., 255.],
 [285., 335.],
 [315., 312.],
 [144., 130.],
 [184., 114.],
 [144., 181.],
 [181., 164.],
 [238., 251.],
 [278., 221.]]",
"[[163., 105.],
 [164., 107.],
 [160., 112.],
 [182., 165.],
 [182., 165.],
 [108., 159.],
 [107., 159.],
 [116., 114.],
 [168., 142.],
 [168., 142.],
 [105., 141.],
 [104., 144.],
 [152., 117.],
 [158., 124.],
 [146., 122.],
 [158., 137.],
 [119., 129.],
 [120., 150.]]",
"[[134., 119.],
 [121., 119.],
 [129., 162.],
 [132., 338.],
 [145., 322.],
 [296., 305.],
 [214., 297.],
 [252.,  75.],
 [153., 286.],
 [173., 280.],
 [293., 234.],
 [236., 228.],
 [200., 121.],
 [162., 119.],
 [192., 204.],
 [175., 182.],
 [282., 171.],
 [228., 151.]]",
"[[232.,  93.],
 [157.,  61.],
 [105.,  74.],
 [313., 356.],
 [313., 353.],
 [313., 356.],
 [313., 356.],
 [193., 119.],
 [280., 327.],
 [118., 314.],
 [287., 314.],
 [290., 317.],
 [242., 123.],
 [128., 136.],
 [258., 200.],
 [115., 223.],
 [242., 139.],
 [125., 129.]]",
"[[124., 113.],
 [378., 359.],
 [127., 116.],
 [196., 238.],
 [187., 287.],
 [185., 287.],
 [185., 287.],
 [141.,  96.],
 [199., 220.],
 [211., 209.],
 [211., 162.],
 [205., 197.],
 [213., 186.],
 [211., 186.],
 [222., 200.],
 [219., 197.],
 [213.,  96.],
 [219.,  84.]]",
"[[211., 166.],
 [214., 166.],
 [211., 174.],
 [217., 164.],
 [214., 164.],
 [123., 335.],
 [123., 340.],
 [105., 182.],
 [204., 198.],
 [206., 200.],
 [ 82., 281.],
 [ 89., 289.],
 [154., 172.],
 [159., 159.],
 [175., 187.],
 [180., 179.],
 [165., 174.],
 [172., 182.]]",
"[[177., 126.],
 [180., 126.],
 [177., 153.],
 [162., 207.],
 [162., 207.],
 [117., 216.],
 [117., 213.],
 [ 78.,  39.],
 [150., 204.],
 [153., 204.],
 [ 60., 306.],
 [123., 222.],
 [192.,  99.],
 [150.,  99.],
 [126., 159.],
 [174., 162.],
 [ 24., 153.],
 [ 75., 168.]]",
"[[189., 109.],
 [191., 109.],
 [210., 112.],
 [193., 272.],
 [191., 272.],
 [ 94., 263.],
 [191., 274.],
 [187., 101.],
 [185., 259.],
 [180., 244.],
 [115., 228.],
 [187., 259.],
 [153., 156.],
 [183., 162.],
 [193., 200.],
 [187., 194.],
 [126., 213.],
 [138., 168.]]",
"[[185.,  81.],
 [229., 117.],
 [199.,  78.],
 [102.,  47.],
 [102.,  47.],
 [102.,  50.],
 [213., 314.],
 [338., 233.],
 [238., 125.],
 [185., 144.],
 [124., 230.],
 [304., 322.],
 [263., 133.],
 [238., 125.],
 [229., 158.],
 [232., 147.],
 [174., 208.],
 [279., 244.]]",
"[[267.,  52.],
 [270.,  49.],
 [224.,  42.],
 [263., 248.],
 [249., 355.],
 [253., 355.],
 [274., 391.],
 [106., 273.],
 [246., 348.],
 [249., 348.],
 [246., 352.],
 [249., 362.],
 [206., 156.],
 [256., 173.],
 [217., 202.],
 [274., 216.],
 [156., 305.],
 [249., 327.]]",
"[[194., 152.],
 [180., 150.],
 [230., 155.],
 [176., 288.],
 [178., 290.],
 [178., 288.],
 [178., 288.],
 [314., 149.],
 [192., 252.],
 [195., 255.],
 [210., 223.],
 [210., 223.],
 [268., 147.],
 [286., 165.],
 [251., 195.],
 [222., 196.],
 [270., 266.],
 [273., 258.]]",
"[[142.,  91.],
 [154.,  91.],
 [142., 116.],
 [156., 355.],
 [154., 355.],
 [207., 355.],
 [241., 344.],
 [277., 265.],
 [162., 296.],
 [159., 296.],
 [246., 336.],
 [249., 330.],
 [159., 167.],
 [196., 161.],
 [162., 226.],
 [187., 209.],
 [196., 274.],
 [252., 279.]]",
"[[117., 222.],
 [260., 159.],
 [330., 101.],
 [248., 156.],
 [335.,  93.],
 [335.,  96.],
 [335.,  96.],
 [354., 260.],
 [201., 246.],
 [206., 248.],
 [134., 309.],
 [153., 326.],
 [320., 231.],
 [289., 219.],
 [231., 212.],
 [216., 224.],
 [197., 246.],
 [298., 343.]]",
"[[157., 183.],
 [159., 185.],
 [186., 228.],
 [155., 180.],
 [157., 180.],
 [157., 180.],
 [157., 180.],
 [309., 180.],
 [178., 234.],
 [200., 228.],
 [214., 357.],
 [327., 349.],
 [161., 244.],
 [153., 232.],
 [190., 265.],
 [178., 254.],
 [176., 256.],
 [290., 271.]]",
"[[221., 198.],
 [226., 205.],
 [226., 217.],
 [147., 279.],
 [174., 286.],
 [122., 274.],
 [122., 274.],
 [112., 210.],
 [152., 271.],
 [174., 277.],
 [ 96., 252.],
 [ 93., 269.],
 [181., 217.],
 [191., 239.],
 [169., 239.],
 [188., 259.],
 [115., 230.],
 [106., 254.]]",
"[[203., 154.],
 [269., 154.],
 [267., 158.],
 [226., 240.],
 [227., 239.],
 [227., 239.],
 [201., 260.],
 [200., 147.],
 [203., 235.],
 [206., 231.],
 [207., 225.],
 [275., 246.],
 [230., 157.],
 [258., 159.],
 [259., 183.],
 [243., 182.],
 [211., 174.],
 [295., 183.]]",
"[[123., 118.],
 [127., 121.],
 [308., 142.],
 [125., 247.],
 [125., 247.],
 [160., 252.],
 [158., 252.],
 [336., 266.],
 [155., 240.],
 [151., 238.],
 [169., 203.],
 [160., 247.],
 [287., 144.],
 [291., 142.],
 [214., 212.],
 [219., 172.],
 [273., 296.],
 [275., 273.]]",
"[[248., 132.],
 [261., 140.],
 [256., 174.],
 [264., 228.],
 [264., 228.],
 [ 55., 351.],
 [ 55., 351.],
 [ 60., 192.],
 [251., 225.],
 [142., 341.],
 [ 21., 287.],
 [ 13., 287.],
 [207., 197.],
 [245., 228.],
 [194., 238.],
 [233., 266.],
 [ 78., 241.],
 [ 42., 284.]]",
"[[173.,  97.],
 [160., 113.],
 [109., 102.],
 [120., 297.],
 [122., 297.],
 [120., 297.],
 [120., 297.],
 [189., 156.],
 [130., 287.],
 [130., 271.],
 [176.,  94.],
 [163., 222.],
 [200., 115.],
 [138., 164.],
 [179., 241.],
 [130., 225.],
 [197., 233.],
 [165., 209.]]",
"[[285., 109.],
 [299., 112.],
 [290., 143.],
 [209., 334.],
 [310., 328.],
 [133., 337.],
 [136., 340.],
 [136., 120.],
 [217., 275.],
 [282., 267.],
 [110., 275.],
 [110., 281.],
 [237., 154.],
 [259., 157.],
 [228., 199.],
 [265., 205.],
 [127., 182.],
 [119., 196.]]",
"[[585., 279.],
 [450., 315.],
 [620., 226.],
 [620., 168.],
 [620., 168.],
 [620., 168.],
 [620., 168.],
 [620., 274.],
 [603., 480.],
 [520., 156.],
 [520., 156.],
 [573., 368.],
 [620., 291.],
 [408., 356.],
 [620., 356.],
 [467., 438.],
 [620., 321.],
 [426., 362.]]",
"[[171., 117.],
 [183., 114.],
 [173., 145.],
 [204., 354.],
 [201., 349.],
 [290., 351.],
 [329., 349.],
 [301., 122.],
 [214., 295.],
 [211., 282.],
 [321., 300.],
 [354., 287.],
 [199., 162.],
 [224., 152.],
 [209., 219.],
 [227., 203.],
 [298., 211.],
 [316., 196.]]",
"[[ 90., 387.],
 [184., 249.],
 [170., 176.],
 [170., 171.],
 [170., 171.],
 [170., 174.],
 [170., 174.],
 [133., 295.],
 [174., 251.],
 [182., 251.],
 [138., 348.],
 [167., 348.],
 [128., 297.],
 [138., 290.],
 [124., 297.],
 [172., 261.],
 [128., 300.],
 [124., 302.]]",
"[[336., 320.],
 [338., 320.],
 [155., 241.],
 [159., 292.],
 [157., 289.],
 [181., 307.],
 [183., 307.],
 [210., 217.],
 [201., 258.],
 [205., 254.],
 [168., 247.],
 [172., 258.],
 [212., 214.],
 [216., 217.],
 [219., 225.],
 [232., 228.],
 [207., 221.],
 [201., 219.]]",
"[[112., 172.],
 [119., 172.],
 [110., 195.],
 [139., 324.],
 [187., 327.],
 [260., 333.],
 [262., 331.],
 [271., 183.],
 [157., 290.],
 [185., 292.],
 [283., 306.],
 [287., 283.],
 [182., 197.],
 [180., 190.],
 [182., 245.],
 [182., 233.],
 [276., 249.],
 [262., 233.]]",
"[[147.,  89.],
 [150.,  89.],
 [141.,  95.],
 [289., 303.],
 [322., 339.],
 [316., 342.],
 [260., 369.],
 [277., 113.],
 [236., 336.],
 [286., 294.],
 [295., 265.],
 [227., 324.],
 [236., 149.],
 [245., 149.],
 [212., 205.],
 [162., 214.],
 [289., 217.],
 [230., 181.]]",
"[[227.,  90.],
 [229.,  89.],
 [320., 111.],
 [240., 192.],
 [241., 193.],
 [321., 110.],
 [240., 193.],
 [279., 115.],
 [309., 178.],
 [296., 177.],
 [225., 135.],
 [233., 121.],
 [283., 109.],
 [277., 112.],
 [302., 150.],
 [251., 148.],
 [243., 122.],
 [280., 119.]]",
"[[224.,  55.],
 [219.,  58.],
 [251.,  75.],
 [197., 161.],
 [197., 160.],
 [236., 161.],
 [236., 161.],
 [324., 175.],
 [216., 138.],
 [217., 136.],
 [213., 138.],
 [265., 186.],
 [250., 116.],
 [259.,  76.],
 [259., 119.],
 [220., 115.],
 [224., 140.],
 [225., 160.]]",
"[[318., 203.],
 [320., 215.],
 [299., 250.],
 [332., 328.],
 [335., 326.],
 [335., 326.],
 [143., 250.],
 [157.,  99.],
 [245., 295.],
 [294., 312.],
 [ 72., 217.],
 [ 77., 219.],
 [273., 149.],
 [259., 205.],
 [231., 217.],
 [250., 257.],
 [131., 186.],
 [172., 219.]]",
"[[244., 105.],
 [203., 112.],
 [272., 138.],
 [236., 366.],
 [241., 366.],
 [137., 369.],
 [140., 371.],
 [124., 214.],
 [229., 333.],
 [234., 333.],
 [119., 308.],
 [114., 298.],
 [196., 102.],
 [249., 118.],
 [241., 204.],
 [168., 181.],
 [122., 262.],
 [117., 277.]]",
"[[225., 120.],
 [215., 101.],
 [172., 144.],
 [278., 384.],
 [281., 384.],
 [220., 360.],
 [220., 362.],
 [273., 138.],
 [268., 354.],
 [268., 354.],
 [175., 309.],
 [207., 320.],
 [294., 162.],
 [188., 160.],
 [294., 229.],
 [175., 226.],
 [172., 221.],
 [297., 221.]]",
"[[244., 122.],
 [150., 124.],
 [253., 157.],
 [269., 270.],
 [107., 378.],
 [107., 375.],
 [104., 375.],
 [172.,  84.],
 [129., 213.],
 [139., 353.],
 [137., 345.],
 [139., 348.],
 [196., 159.],
 [161., 170.],
 [153., 192.],
 [158., 192.],
 [142., 162.],
 [147., 157.]]",
"[[299.,  86.],
 [307.,  83.],
 [323., 111.],
 [287., 305.],
 [318., 319.],
 [221., 321.],
 [221., 330.],
 [ 79., 283.],
 [268., 294.],
 [285., 305.],
 [182., 327.],
 [257., 271.],
 [213., 144.],
 [243., 141.],
 [226., 202.],
 [271., 208.],
 [146., 291.],
 [179., 324.]]",
"[[298., 127.],
 [308., 124.],
 [313., 154.],
 [261., 327.],
 [258., 329.],
 [125., 344.],
 [201., 339.],
 [159., 161.],
 [261., 290.],
 [258., 295.],
 [117., 295.],
 [174., 305.],
 [243., 171.],
 [253., 181.],
 [241., 221.],
 [251., 230.],
 [157., 228.],
 [174., 235.]]",
"[[151., 148.],
 [238., 201.],
 [159., 151.],
 [161., 148.],
 [158., 263.],
 [239., 286.],
 [161., 149.],
 [241., 145.],
 [228., 256.],
 [158., 242.],
 [232., 248.],
 [231., 248.],
 [246., 176.],
 [208., 163.],
 [228., 213.],
 [185., 196.],
 [227., 203.],
 [238., 201.]]",
"[[240., 110.],
 [240., 109.],
 [282., 151.],
 [251., 152.],
 [251., 152.],
 [282., 150.],
 [283., 150.],
 [255., 110.],
 [256., 149.],
 [256., 149.],
 [233., 114.],
 [295., 149.],
 [265., 128.],
 [265., 124.],
 [269., 139.],
 [267., 136.],
 [268., 137.],
 [240., 118.]]",
"[[264.,  72.],
 [203.,  76.],
 [240., 153.],
 [253., 385.],
 [250., 385.],
 [139., 391.],
 [250., 385.],
 [173.,  86.],
 [253., 307.],
 [243., 378.],
 [ 72., 378.],
 [ 65., 385.],
 [243., 156.],
 [166., 129.],
 [247., 234.],
 [136., 213.],
 [270.,  59.],
 [176.,  69.]]",
"[[224., 157.],
 [224., 155.],
 [218., 173.],
 [215., 233.],
 [216., 234.],
 [199., 155.],
 [198., 155.],
 [153., 147.],
 [204., 203.],
 [206., 204.],
 [165., 223.],
 [168., 222.],
 [181., 167.],
 [195., 167.],
 [196., 186.],
 [194., 193.],
 [163., 170.],
 [159., 182.]]",
"[[ 89.,  47.],
 [ 85.,  51.],
 [ 68.,  89.],
 [179., 344.],
 [144., 340.],
 [334., 316.],
 [285., 306.],
 [268.,  85.],
 [182., 316.],
 [154., 323.],
 [337., 247.],
 [285., 251.],
 [151., 154.],
 [141., 144.],
 [182., 234.],
 [154., 209.],
 [303., 196.],
 [254., 168.]]",
"[[194., 106.],
 [200., 106.],
 [197., 166.],
 [ 76., 376.],
 [237., 175.],
 [ 76., 378.],
 [ 79., 381.],
 [315., 120.],
 [211., 209.],
 [243., 180.],
 [246., 123.],
 [200., 120.],
 [226., 126.],
 [220., 146.],
 [194., 180.],
 [188., 189.],
 [188., 169.],
 [191.,  91.]]",
"[[292., 163.],
 [294., 163.],
 [294., 166.],
 [295., 252.],
 [286., 261.],
 [282., 279.],
 [280., 264.],
 [299., 151.],
 [287., 253.],
 [287., 255.],
 [288., 253.],
 [286., 226.],
 [249., 179.],
 [260., 176.],
 [257., 201.],
 [265., 207.],
 [269., 202.],
 [215., 218.]]",
"[[281., 184.],
 [287., 184.],
 [289., 201.],
 [233., 309.],
 [277., 304.],
 [197., 317.],
 [136., 324.],
 [180., 190.],
 [236., 277.],
 [261., 277.],
 [177., 285.],
 [139., 287.],
 [238., 205.],
 [249., 207.],
 [236., 236.],
 [251., 240.],
 [178., 231.],
 [175., 242.]]",
"[[169., 124.],
 [176., 122.],
 [165., 157.],
 [237., 255.],
 [237., 255.],
 [234., 248.],
 [234., 250.],
 [327., 255.],
 [239., 252.],
 [241., 255.],
 [239., 255.],
 [253., 268.],
 [237., 169.],
 [262., 166.],
 [269., 234.],
 [248., 192.],
 [230., 176.],
 [295., 250.]]",
"[[295.,  64.],
 [306.,  64.],
 [312.,  83.],
 [276., 294.],
 [278., 306.],
 [180., 336.],
 [ 96., 345.],
 [146., 114.],
 [273., 252.],
 [273., 258.],
 [149., 272.],
 [ 90., 272.],
 [261., 142.],
 [273., 148.],
 [261., 187.],
 [281., 199.],
 [155., 179.],
 [129., 204.]]",
"[[ 51., 125.],
 [ 68., 119.],
 [ 59., 150.],
 [101., 315.],
 [101., 312.],
 [280., 371.],
 [227., 359.],
 [238., 111.],
 [118., 304.],
 [121., 301.],
 [302., 301.],
 [260., 290.],
 [ 93., 172.],
 [129., 153.],
 [110., 237.],
 [143., 206.],
 [260., 220.],
 [238., 189.]]",
"[[313., 117.],
 [326., 117.],
 [331., 139.],
 [230., 308.],
 [288., 290.],
 [125., 295.],
 [127., 300.],
 [163., 129.],
 [283., 280.],
 [280., 280.],
 [120., 242.],
 [122., 262.],
 [263., 172.],
 [280., 190.],
 [260., 217.],
 [280., 240.],
 [160., 190.],
 [150., 222.]]",
"[[291.,  76.],
 [291.,  76.],
 [302.,  91.],
 [247., 353.],
 [247., 353.],
 [151., 318.],
 [148., 321.],
 [151.,  85.],
 [224., 315.],
 [224., 327.],
 [118., 228.],
 [118., 260.],
 [247., 132.],
 [235., 146.],
 [238., 190.],
 [221., 216.],
 [156., 152.],
 [130., 184.]]",
"[[237., 192.],
 [230., 194.],
 [226., 223.],
 [178., 325.],
 [180., 325.],
 [117., 273.],
 [ 83., 282.],
 [147., 115.],
 [203., 289.],
 [205., 289.],
 [120., 225.],
 [ 95., 225.],
 [203., 171.],
 [169., 180.],
 [176., 205.],
 [153., 223.],
 [151., 164.],
 [108., 176.]]",
"[[263., 149.],
 [260., 150.],
 [319., 246.],
 [284., 250.],
 [286., 250.],
 [285., 249.],
 [319., 244.],
 [355., 231.],
 [289., 217.],
 [291., 216.],
 [327., 248.],
 [329., 248.],
 [314., 171.],
 [321., 168.],
 [294., 193.],
 [308., 185.],
 [334., 244.],
 [338., 229.]]",
"[[141., 263.],
 [232.,  87.],
 [217.,  87.],
 [214., 235.],
 [215., 235.],
 [214., 235.],
 [214., 235.],
 [217.,  83.],
 [195., 191.],
 [199., 194.],
 [243.,  94.],
 [240.,  94.],
 [145., 122.],
 [162., 124.],
 [141., 155.],
 [137., 148.],
 [240.,  85.],
 [234.,  87.]]",
"[[277., 104.],
 [283.,  98.],
 [301., 189.],
 [292., 262.],
 [292., 262.],
 [ 85., 277.],
 [ 85., 280.],
 [ 30., 192.],
 [268., 232.],
 [271., 235.],
 [ 64., 253.],
 [237., 143.],
 [143., 125.],
 [128., 155.],
 [192., 189.],
 [207., 232.],
 [ 85., 213.],
 [ 70., 241.]]",
"[[110., 172.],
 [109., 177.],
 [128., 173.],
 [153., 179.],
 [154., 178.],
 [153., 179.],
 [153., 179.],
 [153., 121.],
 [145., 156.],
 [145., 155.],
 [175., 127.],
 [172., 127.],
 [121., 119.],
 [126., 128.],
 [143., 156.],
 [125., 133.],
 [163., 134.],
 [156., 132.]]",
"[[239., 167.],
 [247., 173.],
 [243., 192.],
 [190., 262.],
 [192., 260.],
 [ 99., 256.],
 [103., 275.],
 [118., 137.],
 [186., 252.],
 [186., 256.],
 [ 90., 216.],
 [ 94., 234.],
 [186., 160.],
 [202., 184.],
 [173., 196.],
 [192., 220.],
 [120., 182.],
 [122., 209.]]",
"[[240.,  99.],
 [240.,  99.],
 [220., 101.],
 [277., 315.],
 [274., 315.],
 [154., 313.],
 [277., 315.],
 [193., 219.],
 [262., 268.],
 [264., 271.],
 [161., 273.],
 [264., 268.],
 [232., 168.],
 [259., 175.],
 [235., 212.],
 [269., 222.],
 [193., 256.],
 [218., 273.]]",
"[[1000.,  242.],
 [ 968.,  242.],
 [ 935.,  209.],
 [1179.,  534.],
 [1162.,  558.],
 [1049.,  655.],
 [1057.,  655.],
 [ 757.,  193.],
 [1106.,  534.],
 [1089.,  542.],
 [1057.,  331.],
 [ 976.,  525.],
 [ 952.,  339.],
 [ 903.,  363.],
 [ 927.,  428.],
 [ 935.,  509.],
 [ 725.,  371.],
 [ 952.,  347.]]",
"[[1017.,  194.],
 [1033.,  194.],
 [1025.,  194.],
 [ 698.,  298.],
 [ 698.,  298.],
 [ 698.,  306.],
 [ 698.,  306.],
 [1065.,  234.],
 [ 977.,  474.],
 [ 961.,  490.],
 [ 993.,  298.],
 [ 977.,  314.],
 [1025.,  362.],
 [ 985.,  354.],
 [ 993.,  434.],
 [ 882.,  442.],
 [1017.,  338.],
 [ 993.,  314.]]",
"[[ 51.,  61.],
 [ 61.,  65.],
 [ 38., 101.],
 [120., 334.],
 [123., 334.],
 [294., 327.],
 [297., 321.],
 [271., 104.],
 [133., 314.],
 [123., 298.],
 [324., 288.],
 [314., 255.],
 [110., 163.],
 [130., 153.],
 [120., 229.],
 [133., 209.],
 [281., 206.],
 [261., 183.]]",
"[[216., 106.],
 [166.,  94.],
 [187., 151.],
 [216., 340.],
 [160., 328.],
 [163., 325.],
 [113., 322.],
 [136.,  50.],
 [213., 287.],
 [175., 322.],
 [154., 207.],
 [110., 227.],
 [231., 100.],
 [104., 121.],
 [231., 192.],
 [104., 204.],
 [193., 145.],
 [ 95., 156.]]",
"[[265., 156.],
 [246., 156.],
 [262., 207.],
 [281., 321.],
 [252., 329.],
 [300., 267.],
 [281., 321.],
 [279.,  82.],
 [279., 275.],
 [257., 281.],
 [292., 196.],
 [252., 177.],
 [298., 137.],
 [235., 134.],
 [295., 199.],
 [238., 194.],
 [303., 142.],
 [238., 139.]]",
"[[214., 175.],
 [214., 176.],
 [208., 178.],
 [234., 169.],
 [233., 169.],
 [233., 170.],
 [234., 169.],
 [261., 208.],
 [225., 172.],
 [226., 171.],
 [224., 172.],
 [224., 172.],
 [231., 190.],
 [226., 190.],
 [244., 205.],
 [229., 192.],
 [220., 187.],
 [215., 184.]]",
"[[156., 187.],
 [159., 185.],
 [162., 237.],
 [345., 387.],
 [345., 384.],
 [345., 390.],
 [345., 387.],
 [117., 153.],
 [332., 361.],
 [335., 369.],
 [316., 353.],
 [327., 353.],
 [140., 248.],
 [214., 290.],
 [227., 306.],
 [211., 303.],
 [180., 285.],
 [235., 311.]]",
"[[ 82.,  57.],
 [ 76.,  54.],
 [ 31.,  95.],
 [ 63., 367.],
 [ 79., 373.],
 [108., 379.],
 [ 70., 370.],
 [133.,  60.],
 [ 92., 348.],
 [102., 351.],
 [111., 357.],
 [268., 351.],
 [ 92., 137.],
 [114., 137.],
 [ 82., 220.],
 [118., 213.],
 [111., 197.],
 [194., 245.]]",
"[[260., 121.],
 [269., 121.],
 [297., 165.],
 [395., 322.],
 [395., 322.],
 [393., 324.],
 [393., 324.],
 [214., 110.],
 [329., 226.],
 [340., 222.],
 [354., 315.],
 [354., 315.],
 [226., 181.],
 [235., 169.],
 [262., 238.],
 [262., 176.],
 [237., 315.],
 [260., 238.]]",
"[[238., 125.],
 [240., 125.],
 [250., 152.],
 [201., 347.],
 [198., 345.],
 [151., 338.],
 [201., 347.],
 [161., 209.],
 [201., 301.],
 [196., 293.],
 [156., 296.],
 [201., 298.],
 [215., 197.],
 [208., 194.],
 [218., 234.],
 [213., 236.],
 [161., 246.],
 [159., 256.]]",
"[[173., 112.],
 [184., 109.],
 [181., 128.],
 [220., 371.],
 [229., 366.],
 [243., 352.],
 [103., 357.],
 [212., 142.],
 [220., 355.],
 [223., 352.],
 [206., 346.],
 [215., 355.],
 [167., 165.],
 [170., 162.],
 [173., 209.],
 [181., 232.],
 [114., 279.],
 [173., 324.]]",
"[[148., 153.],
 [125., 153.],
 [125., 236.],
 [172., 358.],
 [172., 358.],
 [274., 342.],
 [226., 335.],
 [260., 171.],
 [181., 335.],
 [188., 333.],
 [298., 297.],
 [251., 290.],
 [199., 196.],
 [148., 194.],
 [202., 266.],
 [168., 245.],
 [282., 248.],
 [233., 223.]]",
"[[136.,  65.],
 [146.,  61.],
 [164.,  89.],
 [112., 257.],
 [116., 257.],
 [322., 367.],
 [322., 367.],
 [246., 164.],
 [122., 247.],
 [126., 243.],
 [274., 336.],
 [253., 285.],
 [122., 151.],
 [140., 140.],
 [126., 199.],
 [153., 188.],
 [239., 243.],
 [236., 216.]]",
"[[293.,  59.],
 [178.,  62.],
 [156.,  88.],
 [166., 150.],
 [165., 150.],
 [259.,  80.],
 [257.,  80.],
 [278., 165.],
 [169., 147.],
 [158., 122.],
 [286., 166.],
 [283., 163.],
 [197., 111.],
 [239., 106.],
 [237., 152.],
 [186., 130.],
 [237., 213.],
 [242., 208.]]",
"[[202., 121.],
 [202., 121.],
 [210., 128.],
 [201., 119.],
 [201., 119.],
 [188., 184.],
 [188., 185.],
 [153., 156.],
 [204., 131.],
 [204., 131.],
 [160., 180.],
 [159., 182.],
 [177., 125.],
 [185., 128.],
 [181., 139.],
 [188., 139.],
 [162., 164.],
 [162., 173.]]",
"[[119., 156.],
 [122., 153.],
 [127., 162.],
 [154., 279.],
 [152., 279.],
 [152., 279.],
 [151., 279.],
 [116., 146.],
 [236., 262.],
 [177., 231.],
 [240., 257.],
 [236., 254.],
 [190., 197.],
 [183., 197.],
 [186., 200.],
 [166., 200.],
 [135., 190.],
 [214., 206.]]",
"[[140., 140.],
 [127., 143.],
 [124., 177.],
 [124., 396.],
 [129., 396.],
 [294., 393.],
 [225., 391.],
 [246., 180.],
 [140., 377.],
 [164., 377.],
 [254., 348.],
 [310., 332.],
 [185., 207.],
 [140., 201.],
 [135., 263.],
 [135., 255.],
 [268., 271.],
 [228., 255.]]",
"[[124., 137.],
 [110., 137.],
 [ 97., 172.],
 [207., 333.],
 [159., 341.],
 [330., 333.],
 [258., 338.],
 [282., 148.],
 [207., 317.],
 [153., 311.],
 [341., 287.],
 [252., 298.],
 [215., 191.],
 [161., 186.],
 [231., 247.],
 [167., 236.],
 [319., 228.],
 [255., 215.]]",
"[[222., 110.],
 [224., 110.],
 [231., 116.],
 [159., 112.],
 [159., 112.],
 [224., 224.],
 [223., 224.],
 [219., 104.],
 [160., 199.],
 [160., 199.],
 [216., 201.],
 [215., 199.],
 [177., 135.],
 [196., 132.],
 [182., 153.],
 [192., 150.],
 [192., 152.],
 [171., 133.]]",
"[[242., 150.],
 [235., 151.],
 [230., 155.],
 [176., 125.],
 [182., 128.],
 [238., 100.],
 [176., 125.],
 [186.,  84.],
 [189., 131.],
 [188., 131.],
 [191., 130.],
 [234., 163.],
 [231., 110.],
 [219., 118.],
 [212., 133.],
 [203., 118.],
 [198., 104.],
 [207.,  94.]]",
"[[207., 150.],
 [201., 149.],
 [289., 137.],
 [309., 251.],
 [311., 251.],
 [309., 250.],
 [309., 251.],
 [196., 143.],
 [240., 218.],
 [238., 215.],
 [269., 261.],
 [267., 260.],
 [227., 152.],
 [285., 165.],
 [253., 185.],
 [238., 189.],
 [225., 153.],
 [286., 250.]]",
"[[308., 155.],
 [268., 155.],
 [295., 208.],
 [359., 369.],
 [359., 366.],
 [ 62., 272.],
 [ 62., 272.],
 [126., 106.],
 [319., 353.],
 [330., 353.],
 [ 67., 221.],
 [ 65., 224.],
 [281., 187.],
 [241., 213.],
 [273., 259.],
 [225., 294.],
 [118., 200.],
 [ 81., 211.]]",
"[[236., 143.],
 [207., 151.],
 [250., 146.],
 [243., 187.],
 [381., 175.],
 [388., 330.],
 [352., 303.],
 [301., 213.],
 [248., 199.],
 [245., 194.],
 [386., 293.],
 [379., 289.],
 [236., 182.],
 [248., 184.],
 [260., 201.],
 [248., 151.],
 [308., 204.],
 [299., 325.]]",
"[[111.,  97.],
 [ 77., 110.],
 [ 77., 189.],
 [185., 305.],
 [135., 323.],
 [282., 268.],
 [282., 220.],
 [274.,  68.],
 [171., 284.],
 [148., 300.],
 [322., 189.],
 [285., 178.],
 [203., 149.],
 [127., 123.],
 [219., 207.],
 [116., 186.],
 [306., 165.],
 [245., 133.]]",
"[[210., 167.],
 [214., 166.],
 [217., 169.],
 [249., 236.],
 [249., 236.],
 [224., 235.],
 [248., 236.],
 [209., 162.],
 [221., 213.],
 [221., 213.],
 [237., 240.],
 [240., 239.],
 [226., 190.],
 [240., 183.],
 [226., 200.],
 [229., 197.],
 [239., 240.],
 [236., 242.]]",
"[[351., 186.],
 [357., 189.],
 [342., 235.],
 [260., 241.],
 [345., 347.],
 [116., 195.],
 [150., 232.],
 [153.,  58.],
 [254., 228.],
 [296., 262.],
 [101., 149.],
 [110., 183.],
 [266., 143.],
 [281., 161.],
 [247., 171.],
 [250., 198.],
 [150., 119.],
 [141., 131.]]",
"[[218.,  96.],
 [214.,  96.],
 [225.,  98.],
 [171., 317.],
 [171., 317.],
 [108., 292.],
 [173., 317.],
 [196., 121.],
 [166., 265.],
 [171., 256.],
 [218.,  98.],
 [166., 261.],
 [211., 154.],
 [164., 148.],
 [198., 200.],
 [144., 191.],
 [221., 134.],
 [180., 134.]]",
"[[243., 120.],
 [245., 117.],
 [272., 133.],
 [256., 391.],
 [253., 393.],
 [216., 388.],
 [253., 391.],
 [301., 340.],
 [174., 210.],
 [174., 205.],
 [216., 361.],
 [280., 364.],
 [219., 189.],
 [267., 160.],
 [275., 223.],
 [259., 205.],
 [195., 279.],
 [293., 231.]]",
"[[220.,  93.],
 [162.,  93.],
 [ 35., 175.],
 [ 29., 172.],
 [ 32., 175.],
 [ 32., 172.],
 [ 29., 172.],
 [334., 195.],
 [ 80., 153.],
 [ 89., 150.],
 [178., 331.],
 [309., 280.],
 [242., 118.],
 [201.,  89.],
 [229., 242.],
 [172., 160.],
 [334., 265.],
 [271., 233.]]",
"[[130.,  58.],
 [101.,  61.],
 [115., 105.],
 [140., 223.],
 [144., 221.],
 [123., 131.],
 [ 23., 214.],
 [ 86.,  61.],
 [123., 213.],
 [128., 214.],
 [130.,  68.],
 [ 94., 102.],
 [144.,  66.],
 [ 79.,  66.],
 [144., 124.],
 [ 79., 151.],
 [145.,  66.],
 [ 84.,  65.]]",
"[[244., 228.],
 [249., 226.],
 [233., 257.],
 [231., 257.],
 [233., 255.],
 [233., 257.],
 [233., 257.],
 [ 91., 173.],
 [217., 248.],
 [220., 244.],
 [242., 195.],
 [191., 217.],
 [189., 180.],
 [204., 193.],
 [182., 208.],
 [193., 233.],
 [242., 184.],
 [160., 282.]]",
"[[268., 144.],
 [278., 147.],
 [273., 178.],
 [216., 279.],
 [265., 240.],
 [115., 320.],
 [ 56., 349.],
 [ 81., 118.],
 [201., 269.],
 [198., 269.],
 [ 92., 258.],
 [ 45., 287.],
 [188., 134.],
 [208., 149.],
 [185., 191.],
 [195., 217.],
 [100., 188.],
 [ 87., 222.]]",
"[[267., 114.],
 [264., 120.],
 [281., 170.],
 [176., 393.],
 [123., 393.],
 [349., 384.],
 [123., 393.],
 [120.,  91.],
 [129., 381.],
 [132., 378.],
 [117., 346.],
 [120., 381.],
 [173., 161.],
 [161., 158.],
 [182., 208.],
 [ 79., 237.],
 [108., 190.],
 [170., 190.]]",
"[[276., 216.],
 [280., 216.],
 [305., 433.],
 [301., 437.],
 [305., 437.],
 [305., 433.],
 [305., 437.],
 [263., 203.],
 [464., 404.],
 [472., 404.],
 [309., 425.],
 [497., 400.],
 [527., 300.],
 [422., 300.],
 [493., 337.],
 [435., 337.],
 [339., 304.],
 [506., 329.]]",
"[[232.,  90.],
 [184.,  87.],
 [211., 165.],
 [208., 159.],
 [208., 159.],
 [359., 386.],
 [356., 386.],
 [150., 305.],
 [220., 172.],
 [226., 175.],
 [296., 344.],
 [305., 347.],
 [196., 141.],
 [178., 132.],
 [235., 175.],
 [238., 202.],
 [178., 296.],
 [208., 332.]]",
"[[287.,  93.],
 [218.,  87.],
 [253., 155.],
 [225., 388.],
 [228., 388.],
 [159., 376.],
 [159., 376.],
 [259.,  65.],
 [265., 264.],
 [268., 264.],
 [ 73., 230.],
 [ 79., 221.],
 [321.,  93.],
 [209.,  93.],
 [237., 193.],
 [191., 165.],
 [100., 159.],
 [197.,  72.]]",
"[[166., 122.],
 [194., 196.],
 [222., 121.],
 [226., 179.],
 [226., 179.],
 [173., 198.],
 [226., 178.],
 [193., 114.],
 [225., 177.],
 [225., 177.],
 [224., 148.],
 [188., 146.],
 [203., 115.],
 [205., 119.],
 [227., 155.],
 [190., 138.],
 [180., 135.],
 [224., 142.]]",
"[[237., 199.],
 [244., 201.],
 [253., 230.],
 [177., 340.],
 [177., 340.],
 [177., 342.],
 [179., 342.],
 [204., 186.],
 [175., 338.],
 [175., 340.],
 [157., 376.],
 [159., 376.],
 [175., 239.],
 [206., 241.],
 [183., 268.],
 [213., 277.],
 [123., 342.],
 [208., 230.]]",
"[[ 64.,  26.],
 [ 70.,  26.],
 [ 60.,  45.],
 [154., 140.],
 [ 94., 135.],
 [215., 165.],
 [182., 146.],
 [217.,  47.],
 [150., 123.],
 [110., 127.],
 [236., 135.],
 [215., 123.],
 [123.,  49.],
 [133.,  43.],
 [125.,  85.],
 [140.,  72.],
 [209.,  93.],
 [207.,  79.]]",
"[[344., 211.],
 [343., 213.],
 [291., 177.],
 [347., 211.],
 [300., 154.],
 [299., 154.],
 [302., 172.],
 [322., 171.],
 [316., 208.],
 [317., 209.],
 [310., 218.],
 [297., 175.],
 [329., 193.],
 [322., 194.],
 [323., 194.],
 [317., 196.],
 [306., 173.],
 [303., 172.]]",
"[[212., 116.],
 [159., 101.],
 [153., 162.],
 [ 46., 284.],
 [ 46., 284.],
 [185., 372.],
 [255., 378.],
 [276., 232.],
 [130., 314.],
 [130., 314.],
 [130., 316.],
 [130., 311.],
 [255.,  92.],
 [226., 148.],
 [153., 250.],
 [145., 226.],
 [145., 250.],
 [153., 244.]]",
"[[306., 367.],
 [300., 367.],
 [ 91., 243.],
 [230., 354.],
 [230., 357.],
 [227., 354.],
 [227., 354.],
 [354., 234.],
 [233., 344.],
 [233., 348.],
 [237., 332.],
 [246., 329.],
 [186., 148.],
 [354., 231.],
 [199., 208.],
 [233., 332.],
 [246., 332.],
 [240., 329.]]",
"[[165., 107.],
 [162., 108.],
 [244., 108.],
 [177., 194.],
 [177., 194.],
 [177., 195.],
 [177., 194.],
 [262., 209.],
 [184., 164.],
 [185., 163.],
 [207., 196.],
 [207., 195.],
 [211., 117.],
 [205.,  95.],
 [201., 142.],
 [205., 139.],
 [207., 118.],
 [213., 112.]]",
"[[117.,  68.],
 [106.,  66.],
 [ 90.,  70.],
 [112., 242.],
 [135., 229.],
 [137., 229.],
 [112., 242.],
 [ 80., 139.],
 [112., 229.],
 [132., 194.],
 [ 77., 220.],
 [117., 223.],
 [108., 112.],
 [141., 112.],
 [144., 141.],
 [141., 147.],
 [ 66., 178.],
 [119., 179.]]",
"[[175., 133.],
 [175., 132.],
 [164., 132.],
 [165., 214.],
 [180., 233.],
 [146., 137.],
 [145., 136.],
 [104., 209.],
 [162., 216.],
 [164., 215.],
 [166., 132.],
 [161., 214.],
 [131., 150.],
 [134., 147.],
 [137., 169.],
 [135., 166.],
 [123., 210.],
 [126., 219.]]",
"[[149., 140.],
 [140., 148.],
 [319., 171.],
 [161., 273.],
 [159., 275.],
 [161., 273.],
 [161., 273.],
 [146., 130.],
 [167., 263.],
 [171., 265.],
 [169., 255.],
 [169., 257.],
 [251., 142.],
 [243., 148.],
 [245., 238.],
 [226., 187.],
 [167., 165.],
 [257., 253.]]",
"[[254., 137.],
 [256., 139.],
 [239., 147.],
 [214., 258.],
 [265., 135.],
 [135., 336.],
 [131., 334.],
 [141., 194.],
 [218., 256.],
 [219., 252.],
 [118., 290.],
 [ 95., 300.],
 [219., 196.],
 [229., 210.],
 [216., 217.],
 [229., 225.],
 [147., 240.],
 [129., 269.]]",
"[[276., 107.],
 [283., 107.],
 [288., 119.],
 [255., 243.],
 [255., 244.],
 [172., 237.],
 [173., 236.],
 [172., 153.],
 [257., 216.],
 [255., 221.],
 [159., 213.],
 [161., 237.],
 [246., 151.],
 [257., 158.],
 [249., 177.],
 [257., 188.],
 [179., 184.],
 [170., 200.]]",
"[[142.,  93.],
 [124.,  93.],
 [130., 139.],
 [238., 331.],
 [117., 355.],
 [309., 290.],
 [235., 331.],
 [238.,  65.],
 [229., 272.],
 [139., 278.],
 [287., 207.],
 [256., 223.],
 [213., 139.],
 [154., 130.],
 [229., 195.],
 [142., 186.],
 [284., 142.],
 [225., 133.]]",
"[[243.,  73.],
 [234.,  73.],
 [250., 108.],
 [192., 345.],
 [157., 354.],
 [132., 332.],
 [196., 345.],
 [154.,  64.],
 [196., 284.],
 [183., 281.],
 [173., 195.],
 [148., 198.],
 [218., 121.],
 [154., 134.],
 [215., 188.],
 [154., 207.],
 [183., 131.],
 [125., 144.]]",
"[[206.,  69.],
 [187.,  67.],
 [187.,  96.],
 [253., 330.],
 [198., 333.],
 [288., 308.],
 [247., 289.],
 [269.,  91.],
 [242., 259.],
 [209., 262.],
 [280., 216.],
 [261., 197.],
 [253., 137.],
 [198., 126.],
 [255., 186.],
 [190., 181.],
 [296., 151.],
 [247., 140.]]",
"[[1222., 1861.],
 [1222., 1861.],
 [1295., 1874.],
 [1295., 1898.],
 [1295., 1886.],
 [1307., 1886.],
 [1307., 1886.],
 [ 878.,  893.],
 [1209., 1861.],
 [1246., 1861.],
 [1222., 1861.],
 [1197., 1874.],
 [1577., 1175.],
 [1516., 1162.],
 [1491., 1334.],
 [1418., 1297.],
 [1222., 1837.],
 [1430., 1211.]]",
"[[141., 271.],
 [144., 265.],
 [168., 327.],
 [162., 336.],
 [206., 333.],
 [334., 277.],
 [301., 295.],
 [221., 128.],
 [182., 289.],
 [200., 286.],
 [292., 220.],
 [286., 217.],
 [174., 220.],
 [179., 208.],
 [191., 241.],
 [197., 229.],
 [266., 176.],
 [251., 167.]]",
"[[237.,  91.],
 [245.,  88.],
 [261., 104.],
 [210., 335.],
 [210., 335.],
 [215., 335.],
 [212., 335.],
 [193., 115.],
 [210., 278.],
 [207., 275.],
 [237.,  88.],
 [234.,  91.],
 [182., 153.],
 [212., 153.],
 [218., 188.],
 [218., 194.],
 [147., 267.],
 [221., 153.]]",
"[[273., 183.],
 [206., 180.],
 [241., 287.],
 [166., 373.],
 [246., 290.],
 [168., 370.],
 [168., 373.],
 [ 29., 129.],
 [158., 370.],
 [160., 370.],
 [139., 386.],
 [ 16., 394.],
 [190., 177.],
 [206., 268.],
 [184., 274.],
 [200., 285.],
 [ 16., 252.],
 [184., 301.]]",
"[[211., 189.],
 [223., 192.],
 [233., 229.],
 [235., 226.],
 [240., 219.],
 [238., 224.],
 [233., 229.],
 [ 22., 356.],
 [223., 212.],
 [176., 346.],
 [220., 197.],
 [211., 194.],
 [125., 268.],
 [154., 283.],
 [147., 295.],
 [169., 305.],
 [215., 216.],
 [193., 224.]]",
"[[ 95.,  97.],
 [100.,  97.],
 [ 93., 120.],
 [180., 268.],
 [114., 264.],
 [267., 259.],
 [229., 275.],
 [220., 104.],
 [180., 259.],
 [121., 254.],
 [274., 226.],
 [222., 219.],
 [111., 151.],
 [118., 146.],
 [109., 200.],
 [111., 188.],
 [250., 179.],
 [199., 163.]]",
"[[301.,  70.],
 [314.,  73.],
 [311., 117.],
 [207., 308.],
 [230., 308.],
 [ 63., 324.],
 [116., 328.],
 [130.,  80.],
 [197., 298.],
 [217., 298.],
 [ 73., 254.],
 [120., 288.],
 [197.,  83.],
 [247.,  97.],
 [190., 170.],
 [234., 194.],
 [100., 184.],
 [167., 201.]]",
"[[105.,  65.],
 [105.,  64.],
 [ 95.,  76.],
 [ 94.,  75.],
 [ 94.,  75.],
 [125., 126.],
 [125., 126.],
 [180.,  34.],
 [123.,  84.],
 [173.,  84.],
 [195.,  61.],
 [104.,  77.],
 [131.,  54.],
 [133.,  47.],
 [158.,  70.],
 [152.,  70.],
 [192.,  57.],
 [179.,  56.]]",
"[[333., 226.],
 [335., 224.],
 [316., 227.],
 [342., 322.],
 [433., 312.],
 [431., 312.],
 [433., 312.],
 [454., 321.],
 [348., 305.],
 [348., 307.],
 [400., 334.],
 [398., 333.],
 [378., 249.],
 [418., 226.],
 [410., 257.],
 [397., 262.],
 [365., 304.],
 [426., 314.]]",
"[[ 90., 204.],
 [ 95., 204.],
 [ 98., 225.],
 [ 95., 222.],
 [ 95., 225.],
 [101., 225.],
 [ 95., 225.],
 [121.,  83.],
 [115., 219.],
 [118., 216.],
 [340., 360.],
 [346., 351.],
 [150., 150.],
 [182., 130.],
 [101., 233.],
 [216., 219.],
 [222., 230.],
 [332., 187.]]",
"[[274.,  85.],
 [256.,  82.],
 [295.,  97.],
 [283., 250.],
 [283., 253.],
 [208., 328.],
 [208., 328.],
 [100., 256.],
 [274., 235.],
 [274., 235.],
 [145., 316.],
 [142., 316.],
 [217., 160.],
 [211., 160.],
 [202., 184.],
 [196., 196.],
 [145., 280.],
 [148., 316.]]",
"[[166., 170.],
 [139., 170.],
 [168., 173.],
 [181., 140.],
 [181., 140.],
 [148., 218.],
 [145., 218.],
 [239., 174.],
 [175., 150.],
 [177., 150.],
 [234., 196.],
 [230., 182.],
 [238., 172.],
 [177., 149.],
 [171., 172.],
 [183., 160.],
 [226., 177.],
 [226., 174.]]",
"[[176., 250.],
 [237., 143.],
 [148., 178.],
 [233., 221.],
 [233., 221.],
 [232., 220.],
 [232., 221.],
 [141., 234.],
 [216., 204.],
 [216., 204.],
 [208., 186.],
 [141., 155.],
 [159., 179.],
 [183., 158.],
 [205., 181.],
 [206., 181.],
 [158., 162.],
 [140., 161.]]",
"[[290., 296.],
 [169.,  98.],
 [155., 134.],
 [203., 323.],
 [180., 320.],
 [178., 316.],
 [207., 318.],
 [270., 192.],
 [205., 293.],
 [194., 300.],
 [194., 298.],
 [212., 284.],
 [167., 161.],
 [164., 165.],
 [178., 219.],
 [162., 210.],
 [266., 251.],
 [266., 233.]]",
"[[343., 138.],
 [267., 129.],
 [250.,  96.],
 [ 79., 327.],
 [ 79., 327.],
 [ 79., 327.],
 [ 79., 330.],
 [310.,  72.],
 [ 62., 267.],
 [ 66., 270.],
 [ 62., 261.],
 [ 59., 264.],
 [148., 155.],
 [257., 145.],
 [151., 168.],
 [148., 181.],
 [244., 181.],
 [257., 132.]]",
"[[965., 435.],
 [974., 435.],
 [983., 458.],
 [983., 714.],
 [983., 714.],
 [851., 671.],
 [980., 714.],
 [819., 453.],
 [917., 559.],
 [919., 565.],
 [842., 674.],
 [919., 567.],
 [848., 478.],
 [876., 493.],
 [874., 530.],
 [894., 547.],
 [716., 550.],
 [724., 636.]]",
"[[215.,  71.],
 [184.,  77.],
 [171.,  83.],
 [221., 376.],
 [168., 373.],
 [153., 364.],
 [224., 373.],
 [212., 114.],
 [205., 323.],
 [181., 323.],
 [153., 311.],
 [212., 311.],
 [234., 158.],
 [171., 155.],
 [227., 223.],
 [153., 220.],
 [230., 170.],
 [230., 217.]]",
"[[290.,  87.],
 [253., 100.],
 [300., 159.],
 [275., 386.],
 [275., 389.],
 [193., 389.],
 [338., 386.],
 [ 89., 188.],
 [300., 370.],
 [300., 285.],
 [190., 389.],
 [300., 364.],
 [240., 128.],
 [234., 131.],
 [278., 213.],
 [290., 219.],
 [130., 251.],
 [136., 118.]]",
"[[323.,  91.],
 [305.,  65.],
 [252.,  83.],
 [287., 294.],
 [287., 296.],
 [287., 296.],
 [239., 328.],
 [121., 160.],
 [263., 273.],
 [266., 223.],
 [ 79., 312.],
 [250., 273.],
 [263., 107.],
 [263.,  73.],
 [231., 173.],
 [231., 191.],
 [150., 225.],
 [184., 223.]]",
"[[146., 250.],
 [149., 250.],
 [144., 140.],
 [142., 250.],
 [144., 250.],
 [187., 245.],
 [187., 245.],
 [293., 255.],
 [160., 209.],
 [162., 207.],
 [231., 273.],
 [227., 264.],
 [201., 160.],
 [215., 151.],
 [181., 193.],
 [204., 174.],
 [256., 264.],
 [258., 255.]]",
"[[204., 171.],
 [205., 172.],
 [214., 177.],
 [181., 217.],
 [182., 217.],
 [194., 262.],
 [193., 263.],
 [134., 242.],
 [179., 217.],
 [181., 216.],
 [185., 257.],
 [185., 258.],
 [157., 198.],
 [164., 199.],
 [169., 203.],
 [173., 204.],
 [151., 240.],
 [154., 249.]]",
"[[372., 245.],
 [240., 119.],
 [102., 195.],
 [243., 116.],
 [243., 119.],
 [100., 195.],
 [ 97., 195.],
 [381., 242.],
 [240., 121.],
 [229., 130.],
 [339., 231.],
 [336., 228.],
 [209., 107.],
 [207., 107.],
 [209., 124.],
 [218., 113.],
 [207., 223.],
 [240., 225.]]",
