"[[225.,  97.],
 [165., 149.],
 [188., 167.],
 [201., 186.],
 [202., 186.],
 [296., 195.],
 [201., 186.],
 [263., 106.],
 [220., 149.],
 [219., 149.],
 [284., 158.],
 [162., 143.],
 [214., 113.],
 [210., 118.],
 [217., 140.],
 [210., 133.],
 [268., 140.],
 [259., 128.]]",
"[[566., 475.],
 [574., 475.],
 [590., 499.],
 [791., 459.],
 [791., 459.],
 [783., 459.],
 [783., 467.],
 [807., 475.],
 [783., 483.],
 [791., 467.],
 [751., 483.],
 [606., 483.],
 [912., 483.],
 [912., 499.],
 [936., 572.],
 [912., 572.],
 [896., 531.],
 [767., 483.]]",
"[[336., 105.],
 [298., 113.],
 [402., 121.],
 [263., 320.],
 [278., 335.],
 [407., 123.],
 [260., 325.],
 [215., 148.],
 [311., 337.],
 [281., 330.],
 [392.,  95.],
 [248., 264.],
 [361., 146.],
 [200., 191.],
 [354., 239.],
 [243., 254.],
 [364., 121.],
 [208., 219.]]",
"[[250.,  80.],
 [203.,  84.],
 [186., 102.],
 [382., 396.],
 [386., 396.],
 [382., 396.],
 [382., 396.],
 [331., 114.],
 [293., 230.],
 [301., 242.],
 [357., 225.],
 [348., 225.],
 [288., 140.],
 [267., 119.],
 [322., 178.],
 [284., 166.],
 [365., 191.],
 [331., 178.]]",
"[[464., 178.],
 [398., 162.],
 [472., 213.],
 [390., 515.],
 [297., 519.],
 [185., 503.],
 [ 96., 496.],
 [138., 120.],
 [379., 430.],
 [305., 430.],
 [158., 395.],
 [100., 372.],
 [406., 182.],
 [437., 217.],
 [433., 294.],
 [270., 302.],
 [197., 240.],
 [ 72., 251.]]",
"[[189., 211.],
 [185., 211.],
 [192., 275.],
 [246., 383.],
 [246., 379.],
 [522., 365.],
 [382., 372.],
 [425.,  96.],
 [246., 333.],
 [242., 329.],
 [518., 290.],
 [429., 297.],
 [275., 186.],
 [239., 143.],
 [271., 254.],
 [249., 214.],
 [486., 218.],
 [404., 189.]]",
"[[166., 246.],
 [176., 242.],
 [172., 279.],
 [264., 384.],
 [233., 381.],
 [474., 374.],
 [410., 374.],
 [399., 174.],
 [264., 337.],
 [244., 334.],
 [464., 303.],
 [430., 313.],
 [254., 215.],
 [264., 218.],
 [257., 273.],
 [271., 266.],
 [433., 249.],
 [403., 242.]]",
"[[256.,  98.],
 [228.,  94.],
 [235., 150.],
 [128., 240.],
 [128., 240.],
 [130., 240.],
 [130., 242.],
 [ 93.,  56.],
 [127., 235.],
 [130., 236.],
 [114., 216.],
 [127., 225.],
 [224.,  91.],
 [206.,  91.],
 [200., 131.],
 [101., 168.],
 [106., 122.],
 [152., 176.]]",
"[[114., 101.],
 [118.,  98.],
 [109., 123.],
 [217., 225.],
 [152., 216.],
 [323., 220.],
 [312., 220.],
 [285.,  87.],
 [211., 220.],
 [156., 216.],
 [332., 189.],
 [303., 184.],
 [183., 132.],
 [174., 114.],
 [204., 171.],
 [152., 157.],
 [308., 153.],
 [276., 135.]]",
"[[ 949., 1071.],
 [ 960., 1071.],
 [ 937.,  766.],
 [ 949.,  766.],
 [ 949.,  755.],
 [ 768.,  913.],
 [ 768.,  913.],
 [ 723.,  608.],
 [ 915.,  766.],
 [ 926.,  766.],
 [ 904.,  777.],
 [ 904.,  766.],
 [ 746.,  608.],
 [ 734.,  608.],
 [ 836.,  665.],
 [ 836.,  653.],
 [ 813.,  631.],
 [ 768.,  653.]]",
"[[146., 223.],
 [138., 217.],
 [120., 228.],
 [118., 228.],
 [150., 218.],
 [ 88., 165.],
 [ 86., 165.],
 [257., 114.],
 [137., 215.],
 [148., 214.],
 [110., 125.],
 [ 96., 125.],
 [229., 150.],
 [202., 138.],
 [200., 184.],
 [143., 154.],
 [140., 114.],
 [105.,  97.]]",
"[[508., 297.],
 [495., 294.],
 [517., 331.],
 [424., 400.],
 [367., 432.],
 [367., 432.],
 [367., 430.],
 [360., 434.],
 [427., 384.],
 [427., 384.],
 [388., 444.],
 [425., 472.],
 [444., 339.],
 [427., 310.],
 [433., 365.],
 [427., 369.],
 [424., 440.],
 [437., 425.]]",
"[[303., 176.],
 [305., 184.],
 [292., 201.],
 [238., 260.],
 [253., 260.],
 [165., 255.],
 [169., 264.],
 [148., 120.],
 [223., 249.],
 [242., 253.],
 [148., 220.],
 [146., 239.],
 [240., 149.],
 [234., 166.],
 [225., 189.],
 [227., 214.],
 [161., 170.],
 [146., 199.]]",
"[[ 98., 190.],
 [ 97., 188.],
 [102., 190.],
 [175., 156.],
 [176., 154.],
 [176., 152.],
 [176., 152.],
 [194., 106.],
 [175., 151.],
 [175., 150.],
 [172., 168.],
 [165., 107.],
 [152., 105.],
 [129., 109.],
 [156., 143.],
 [133., 162.],
 [133., 110.],
 [174., 111.]]",
"[[169.,  62.],
 [172.,  62.],
 [169.,  63.],
 [166., 166.],
 [184., 139.],
 [166., 164.],
 [167., 164.],
 [193.,  64.],
 [149., 160.],
 [151., 158.],
 [115.,  63.],
 [111.,  61.],
 [135.,  87.],
 [132.,  81.],
 [149., 113.],
 [121., 112.],
 [150.,  88.],
 [194.,  96.]]",
"[[213., 123.],
 [407., 117.],
 [401., 123.],
 [207., 117.],
 [213., 117.],
 [213., 117.],
 [207., 117.],
 [207., 117.],
 [336., 170.],
 [225., 129.],
 [331., 170.],
 [395., 140.],
 [348., 170.],
 [336., 170.],
 [331., 187.],
 [331., 193.],
 [342., 187.],
 [336., 182.]]",
"[[295., 130.],
 [295., 130.],
 [504., 386.],
 [365., 438.],
 [498., 368.],
 [365., 438.],
 [365., 444.],
 [312., 119.],
 [603., 293.],
 [498., 363.],
 [626., 275.],
 [626., 275.],
 [620., 270.],
 [591., 270.],
 [603., 310.],
 [614., 287.],
 [626., 293.],
 [394., 264.]]",
"[[212., 198.],
 [190., 238.],
 [197., 269.],
 [254., 300.],
 [257., 302.],
 [371., 316.],
 [311., 295.],
 [363., 131.],
 [252., 269.],
 [252., 267.],
 [387., 264.],
 [354., 243.],
 [340., 179.],
 [212., 162.],
 [190., 248.],
 [233., 217.],
 [392., 226.],
 [340., 191.]]",
"[[288., 341.],
 [186., 330.],
 [325., 475.],
 [384., 684.],
 [389., 684.],
 [181., 710.],
 [175., 710.],
 [191., 132.],
 [384., 673.],
 [309., 673.],
 [320., 395.],
 [175., 411.],
 [432., 213.],
 [127., 277.],
 [459., 496.],
 [117., 459.],
 [443., 245.],
 [117., 309.]]",
"[[402., 349.],
 [269., 321.],
 [297., 595.],
 [585., 707.],
 [585., 644.],
 [649., 630.],
 [522., 764.],
 [578.,  47.],
 [578., 630.],
 [592., 630.],
 [606., 602.],
 [571., 588.],
 [564., 201.],
 [374., 243.],
 [656., 391.],
 [417., 440.],
 [677., 300.],
 [501., 293.]]",
"[[294., 113.],
 [294., 113.],
 [294., 116.],
 [307., 158.],
 [307., 158.],
 [307., 158.],
 [307., 158.],
 [373.,  78.],
 [319., 141.],
 [319., 139.],
 [288.,  92.],
 [283.,  93.],
 [352.,  86.],
 [348.,  93.],
 [322., 122.],
 [323., 121.],
 [354., 108.],
 [363.,  99.]]",
"[[292., 177.],
 [244., 180.],
 [274., 261.],
 [349., 402.],
 [445., 396.],
 [445., 402.],
 [328., 330.],
 [235.,  90.],
 [217., 354.],
 [238., 396.],
 [307., 210.],
 [241., 207.],
 [361., 138.],
 [217., 171.],
 [337., 336.],
 [223., 348.],
 [487., 288.],
 [220., 174.]]",
"[[209., 137.],
 [209., 138.],
 [152., 162.],
 [176., 210.],
 [195., 199.],
 [175., 210.],
 [196., 199.],
 [198., 145.],
 [182., 206.],
 [189., 204.],
 [206., 192.],
 [203., 180.],
 [182., 148.],
 [153., 145.],
 [181., 177.],
 [160., 177.],
 [135., 164.],
 [192., 158.]]",
"[[281., 284.],
 [537., 359.],
 [531., 380.],
 [308., 439.],
 [308., 439.],
 [308., 433.],
 [308., 439.],
 [452., 252.],
 [515., 460.],
 [510., 455.],
 [537., 369.],
 [526., 449.],
 [531., 359.],
 [409., 343.],
 [531., 396.],
 [414., 391.],
 [521., 348.],
 [473., 359.]]",
"[[278., 177.],
 [208., 266.],
 [283., 181.],
 [272., 225.],
 [273., 227.],
 [269., 224.],
 [269., 224.],
 [184., 230.],
 [254., 228.],
 [254., 229.],
 [191., 262.],
 [251., 238.],
 [274., 160.],
 [211., 246.],
 [235., 186.],
 [226., 240.],
 [188., 166.],
 [290., 188.]]",
"[[144., 214.],
 [148., 207.],
 [155., 238.],
 [246., 399.],
 [191., 383.],
 [458., 375.],
 [458., 371.],
 [430., 116.],
 [246., 344.],
 [203., 332.],
 [489., 313.],
 [473., 293.],
 [226., 203.],
 [222., 152.],
 [246., 277.],
 [222., 226.],
 [469., 246.],
 [418., 199.]]",
"[[252., 121.],
 [281., 302.],
 [281., 315.],
 [277., 306.],
 [285., 306.],
 [194., 413.],
 [244., 372.],
 [244., 179.],
 [277., 298.],
 [272., 298.],
 [244., 380.],
 [248., 376.],
 [289., 315.],
 [277., 315.],
 [252., 310.],
 [268., 315.],
 [244., 389.],
 [231., 232.]]",
"[[306., 247.],
 [295., 227.],
 [256., 266.],
 [118., 309.],
 [118., 306.],
 [121., 309.],
 [121., 309.],
 [ 93.,  98.],
 [301., 221.],
 [107., 261.],
 [ 95., 241.],
 [ 95., 261.],
 [292., 207.],
 [245.,  75.],
 [239., 219.],
 [219., 205.],
 [ 95., 182.],
 [225.,  81.]]",
"[[ 481.,  464.],
 [ 343.,  487.],
 [ 366.,  660.],
 [ 527., 1294.],
 [ 516., 1283.],
 [ 792., 1098.],
 [ 781., 1098.],
 [ 965.,  384.],
 [ 573., 1202.],
 [ 585., 1236.],
 [ 573., 1029.],
 [ 539., 1064.],
 [1011.,  499.],
 [ 573.,  372.],
 [ 539.,  799.],
 [ 643.,  672.],
 [1127.,  741.],
 [ 965.,  706.]]",
"[[311., 142.],
 [277., 134.],
 [291., 190.],
 [298., 313.],
 [250., 315.],
 [219., 315.],
 [125., 313.],
 [149.,  79.],
 [284., 279.],
 [253., 282.],
 [192., 260.],
 [132., 243.],
 [325., 139.],
 [231., 142.],
 [313., 202.],
 [212., 212.],
 [192., 159.],
 [118., 178.]]",
"[[169., 276.],
 [173., 272.],
 [190., 307.],
 [381., 181.],
 [390., 177.],
 [372., 255.],
 [372., 255.],
 [260., 224.],
 [355., 233.],
 [359., 242.],
 [333., 237.],
 [338., 242.],
 [299., 224.],
 [286., 229.],
 [351., 233.],
 [355., 224.],
 [290., 246.],
 [268., 268.]]",
"[[142.,  48.],
 [139.,  45.],
 [152.,  88.],
 [108., 295.],
 [ 66., 279.],
 [ 73., 237.],
 [ 50., 245.],
 [ 94.,  19.],
 [100., 248.],
 [ 71., 240.],
 [ 68., 177.],
 [ 45., 185.],
 [131., 106.],
 [ 37., 114.],
 [131., 174.],
 [ 45., 172.],
 [150.,  61.],
 [ 18., 132.]]",
"[[118., 145.],
 [120., 145.],
 [ 93., 196.],
 [ 66., 174.],
 [ 93., 196.],
 [ 92., 196.],
 [ 93., 196.],
 [110., 133.],
 [ 67., 167.],
 [ 68., 167.],
 [ 53., 145.],
 [ 50., 145.],
 [105., 141.],
 [ 78., 143.],
 [ 89., 167.],
 [ 78., 162.],
 [ 60., 137.],
 [ 56., 138.]]",
"[[391., 349.],
 [398., 334.],
 [434., 434.],
 [669., 868.],
 [676., 861.],
 [676., 861.],
 [669., 861.],
 [647., 285.],
 [747., 541.],
 [740., 541.],
 [747., 520.],
 [697., 470.],
 [655., 434.],
 [676., 320.],
 [647., 441.],
 [697., 448.],
 [733., 448.],
 [619., 406.]]",
"[[1405., 1703.],
 [1426., 1703.],
 [1405., 1766.],
 [1426., 1661.],
 [1426., 1640.],
 [1447., 1640.],
 [1447., 1661.],
 [1342., 1013.],
 [1426., 1724.],
 [1447., 1703.],
 [1467., 1703.],
 [1426., 1724.],
 [2387., 1452.],
 [1948., 1452.],
 [2554., 1515.],
 [1990., 1682.],
 [2011., 1577.],
 [1906., 1557.]]",
"[[144., 189.],
 [134., 175.],
 [148., 232.],
 [266., 368.],
 [220., 368.],
 [452., 365.],
 [406., 365.],
 [413.,  78.],
 [263., 307.],
 [230., 304.],
 [449., 272.],
 [427., 264.],
 [270., 157.],
 [230., 125.],
 [277., 232.],
 [245., 196.],
 [463., 186.],
 [395., 164.]]",
"[[296., 216.],
 [283., 225.],
 [288., 278.],
 [292., 269.],
 [292., 274.],
 [ 85., 410.],
 [288., 278.],
 [ 93., 176.],
 [199., 349.],
 [204., 349.],
 [111., 326.],
 [ 58., 335.],
 [213., 190.],
 [124., 265.],
 [204., 278.],
 [ 80., 349.],
 [133., 256.],
 [ 49., 296.]]",
"[[247., 166.],
 [191., 147.],
 [215., 205.],
 [241., 275.],
 [202., 276.],
 [228., 230.],
 [221., 267.],
 [202.,  91.],
 [230., 252.],
 [207., 252.],
 [236., 186.],
 [194., 179.],
 [249., 141.],
 [172., 141.],
 [249., 194.],
 [181., 198.],
 [243., 138.],
 [174., 141.]]",
"[[ 63., 123.],
 [ 63., 125.],
 [ 65., 168.],
 [148., 164.],
 [148., 164.],
 [278., 157.],
 [275., 160.],
 [152., 108.],
 [141., 162.],
 [143., 164.],
 [258., 129.],
 [254., 129.],
 [156., 110.],
 [152., 112.],
 [163., 114.],
 [143., 157.],
 [161., 110.],
 [221., 131.]]",
"[[564., 598.],
 [571., 605.],
 [564., 653.],
 [564., 639.],
 [564., 639.],
 [564., 646.],
 [564., 639.],
 [215., 375.],
 [543., 563.],
 [536., 535.],
 [550., 486.],
 [145., 660.],
 [431., 395.],
 [424., 395.],
 [424., 479.],
 [445., 479.],
 [257., 486.],
 [131., 598.]]",
"[[252., 108.],
 [231., 104.],
 [242., 132.],
 [251., 186.],
 [192., 204.],
 [252., 186.],
 [155., 198.],
 [256.,  53.],
 [182., 190.],
 [185., 190.],
 [157., 153.],
 [143., 166.],
 [265.,  98.],
 [162.,  81.],
 [203., 135.],
 [166., 157.],
 [162., 112.],
 [126., 124.]]",
"[[565., 310.],
 [558., 310.],
 [558., 310.],
 [558., 295.],
 [558., 303.],
 [558., 295.],
 [558., 303.],
 [558., 295.],
 [551., 325.],
 [558., 346.],
 [609., 419.],
 [594., 412.],
 [558., 317.],
 [391., 354.],
 [493., 404.],
 [478., 448.],
 [536., 332.],
 [529., 332.]]",
"[[332., 243.],
 [252., 253.],
 [297., 364.],
 [373., 557.],
 [221., 541.],
 [550., 531.],
 [378., 552.],
 [454., 137.],
 [363., 496.],
 [262., 501.],
 [535., 415.],
 [408., 420.],
 [454., 208.],
 [186., 203.],
 [429., 354.],
 [196., 314.],
 [555., 278.],
 [171., 294.]]",
"[[454., 274.],
 [480., 274.],
 [472., 292.],
 [733., 439.],
 [498., 761.],
 [507., 770.],
 [498., 770.],
 [367., 100.],
 [472., 439.],
 [767., 422.],
 [802., 274.],
 [802., 274.],
 [428., 231.],
 [472., 231.],
 [489., 413.],
 [507., 422.],
 [472., 300.],
 [750., 274.]]",
"[[313., 233.],
 [311., 233.],
 [315., 235.],
 [292., 301.],
 [342., 294.],
 [344., 296.],
 [342., 294.],
 [238., 244.],
 [348., 275.],
 [346., 273.],
 [363., 272.],
 [352., 268.],
 [309., 233.],
 [313., 231.],
 [307., 240.],
 [315., 238.],
 [248., 260.],
 [251., 279.]]",
"[[2198., 1058.],
 [2198., 1076.],
 [ 856., 1928.],
 [1908., 2182.],
 [1926., 2182.],
 [1908., 2182.],
 [1926., 2182.],
 [1400.,  332.],
 [1799., 1964.],
 [1418., 1801.],
 [ 947., 1674.],
 [ 892., 1674.],
 [1763.,  713.],
 [1763.,  659.],
 [1654., 1166.],
 [1164., 1475.],
 [ 947., 1039.],
 [ 983., 1203.]]",
"[[ 821.,  464.],
 [ 821.,  475.],
 [ 973.,  670.],
 [ 995.,  909.],
 [ 995.,  920.],
 [ 941., 1419.],
 [ 952., 1419.],
 [ 821.,  410.],
 [1006.,  887.],
 [ 995.,  887.],
 [ 995.,  855.],
 [ 583.,  985.],
 [ 984.,  648.],
 [ 984.,  659.],
 [ 962.,  790.],
 [ 984.,  790.],
 [1006.,  746.],
 [ 995.,  757.]]",
"[[580., 292.],
 [584., 299.],
 [441., 455.],
 [438., 451.],
 [498., 544.],
 [703., 421.],
 [438., 451.],
 [600., 266.],
 [488., 521.],
 [498., 531.],
 [673., 365.],
 [660., 369.],
 [607., 312.],
 [481., 325.],
 [607., 511.],
 [461., 481.],
 [650., 316.],
 [650., 359.]]",
"[[219.,  74.],
 [196.,  73.],
 [110., 195.],
 [178., 135.],
 [184., 139.],
 [165., 132.],
 [164., 140.],
 [211.,  43.],
 [178., 140.],
 [205., 167.],
 [165.,  92.],
 [155.,  98.],
 [218.,  77.],
 [133.,  66.],
 [192., 139.],
 [152., 140.],
 [117., 104.],
 [109., 128.]]",
"[[541., 376.],
 [444., 382.],
 [507., 554.],
 [576., 376.],
 [576., 370.],
 [576., 370.],
 [576., 370.],
 [214., 135.],
 [570., 364.],
 [220., 703.],
 [226., 680.],
 [157., 663.],
 [473., 313.],
 [220., 278.],
 [444., 474.],
 [134., 456.],
 [272., 353.],
 [117., 393.]]",
"[[496., 324.],
 [496., 317.],
 [414., 633.],
 [414., 614.],
 [420., 614.],
 [426., 652.],
 [420., 620.],
 [105., 557.],
 [414., 627.],
 [414., 627.],
 [502., 336.],
 [477., 343.],
 [376., 374.],
 [256., 412.],
 [395., 406.],
 [388., 406.],
 [477., 412.],
 [445., 393.]]",
"[[143., 185.],
 [114., 190.],
 [156., 296.],
 [193., 308.],
 [153., 301.],
 [303., 298.],
 [237., 288.],
 [308.,  69.],
 [185., 291.],
 [166., 281.],
 [323., 239.],
 [259., 237.],
 [269., 119.],
 [134., 126.],
 [237., 247.],
 [175., 190.],
 [323., 197.],
 [249., 153.]]",
"[[350., 216.],
 [321., 268.],
 [335., 302.],
 [430., 359.],
 [495., 359.],
 [497., 359.],
 [430., 361.],
 [447., 182.],
 [445., 321.],
 [483., 311.],
 [483., 304.],
 [447., 313.],
 [419., 216.],
 [352., 220.],
 [424., 256.],
 [365., 266.],
 [485., 249.],
 [428., 241.]]",
"[[264., 392.],
 [281., 383.],
 [316., 339.],
 [334., 672.],
 [334., 672.],
 [334., 663.],
 [334., 672.],
 [649., 322.],
 [605., 558.],
 [614., 584.],
 [290., 540.],
 [264., 549.],
 [605., 357.],
 [649., 392.],
 [570., 453.],
 [605., 514.],
 [378., 444.],
 [596., 400.]]",
"[[230., 269.],
 [238., 273.],
 [242., 273.],
 [238., 265.],
 [238., 265.],
 [238., 269.],
 [238., 269.],
 [315.,  75.],
 [335., 524.],
 [355., 362.],
 [177., 221.],
 [331., 281.],
 [376., 172.],
 [372., 180.],
 [388., 297.],
 [380., 297.],
 [384., 208.],
 [396., 269.]]",
"[[207., 223.],
 [210., 223.],
 [220., 245.],
 [357., 412.],
 [255., 412.],
 [489., 399.],
 [476., 380.],
 [453., 101.],
 [338., 354.],
 [271., 399.],
 [482., 306.],
 [476., 294.],
 [335., 149.],
 [242., 159.],
 [344., 245.],
 [229., 252.],
 [498., 217.],
 [421., 204.]]",
"[[412., 915.],
 [417., 915.],
 [657., 887.],
 [624., 798.],
 [669., 826.],
 [663., 837.],
 [663., 837.],
 [300., 552.],
 [629., 809.],
 [613., 781.],
 [557., 898.],
 [635., 876.],
 [613., 636.],
 [579., 675.],
 [596., 731.],
 [534., 736.],
 [518., 747.],
 [540., 619.]]",
"[[947., 474.],
 [947., 483.],
 [935., 495.],
 [858., 633.],
 [693., 609.],
 [693., 606.],
 [690., 606.],
 [858., 630.],
 [786., 498.],
 [792., 543.],
 [720., 675.],
 [714., 677.],
 [897., 432.],
 [813., 406.],
 [864., 492.],
 [729., 501.],
 [762., 633.],
 [807., 615.]]",
"[[346., 171.],
 [368., 352.],
 [291., 275.],
 [358., 360.],
 [458., 348.],
 [458., 348.],
 [456., 348.],
 [425., 145.],
 [362., 348.],
 [326., 348.],
 [460., 259.],
 [425., 269.],
 [389., 253.],
 [336., 175.],
 [393., 303.],
 [295., 269.],
 [462., 218.],
 [403., 214.]]",
"[[190., 106.],
 [159., 106.],
 [176., 139.],
 [201., 204.],
 [169., 206.],
 [168., 204.],
 [202., 204.],
 [176.,  35.],
 [192., 170.],
 [173., 177.],
 [192., 116.],
 [192., 159.],
 [214.,  87.],
 [142.,  90.],
 [213., 128.],
 [147., 130.],
 [209.,  85.],
 [147.,  81.]]",
"[[375., 180.],
 [358., 196.],
 [352., 222.],
 [257., 336.],
 [261., 336.],
 [140., 326.],
 [ 65., 326.],
 [124., 134.],
 [254., 317.],
 [261., 320.],
 [104., 245.],
 [ 49., 278.],
 [300., 141.],
 [244., 222.],
 [261., 225.],
 [238., 294.],
 [159., 186.],
 [ 94., 261.]]",
"[[ 815.,  684.],
 [ 733.,  646.],
 [ 827.,  854.],
 [ 865., 1043.],
 [ 758., 1030.],
 [ 859.,  885.],
 [ 777.,  904.],
 [ 720.,  401.],
 [ 846., 1024.],
 [ 777., 1024.],
 [ 896.,  766.],
 [ 789.,  741.],
 [ 972.,  590.],
 [ 638.,  596.],
 [ 947.,  753.],
 [ 676.,  766.],
 [ 940.,  665.],
 [ 645.,  684.]]",
"[[567., 356.],
 [574., 356.],
 [574., 369.],
 [789., 524.],
 [574., 349.],
 [419., 733.],
 [412., 726.],
 [567., 335.],
 [641., 490.],
 [641., 490.],
 [560., 430.],
 [776., 544.],
 [654., 497.],
 [641., 497.],
 [634., 497.],
 [634., 490.],
 [587., 396.],
 [762., 531.]]",
"[[419., 451.],
 [416., 463.],
 [431., 486.],
 [340., 585.],
 [343., 588.],
 [259., 568.],
 [213., 583.],
 [221., 428.],
 [325., 568.],
 [332., 573.],
 [246., 530.],
 [203., 527.],
 [335., 446.],
 [312., 476.],
 [320., 494.],
 [312., 530.],
 [249., 466.],
 [208., 499.]]",
"[[435., 136.],
 [432., 136.],
 [435., 173.],
 [328., 325.],
 [264., 322.],
 [217., 313.],
 [163., 347.],
 [157., 107.],
 [261., 310.],
 [267., 313.],
 [160., 249.],
 [131., 297.],
 [343., 145.],
 [258., 227.],
 [362., 249.],
 [248., 278.],
 [201., 183.],
 [131., 243.]]",
"[[417., 468.],
 [442., 263.],
 [429., 481.],
 [442., 263.],
 [442., 263.],
 [442., 263.],
 [442., 263.],
 [268., 151.],
 [429., 269.],
 [423., 276.],
 [280., 182.],
 [262., 176.],
 [274., 176.],
 [280., 176.],
 [380., 307.],
 [373., 313.],
 [299., 195.],
 [262., 226.]]",
"[[335., 218.],
 [344., 227.],
 [323., 257.],
 [236., 346.],
 [239., 349.],
 [111., 352.],
 [114., 355.],
 [108., 141.],
 [239., 305.],
 [239., 305.],
 [ 87., 281.],
 [ 90., 299.],
 [254., 168.],
 [266., 188.],
 [251., 224.],
 [254., 254.],
 [123., 209.],
 [ 93., 239.]]",
"[[399., 381.],
 [399., 381.],
 [399., 390.],
 [399., 381.],
 [399., 381.],
 [404., 385.],
 [399., 381.],
 [230., 331.],
 [379., 390.],
 [389., 390.],
 [379., 395.],
 [364., 381.],
 [349., 361.],
 [359., 361.],
 [349., 371.],
 [369., 371.],
 [399., 385.],
 [389., 381.]]",
"[[294., 281.],
 [315., 349.],
 [259., 340.],
 [262., 337.],
 [205., 355.],
 [104., 352.],
 [ 12., 355.],
 [ 89., 102.],
 [283., 281.],
 [211., 302.],
 [ 80., 275.],
 [ 32., 272.],
 [247., 129.],
 [163., 141.],
 [259., 197.],
 [184., 221.],
 [116., 191.],
 [ 44., 200.]]",
"[[1083., 1441.],
 [1139., 1355.],
 [1453., 1669.],
 [1424., 1640.],
 [1424., 1640.],
 [1424., 1669.],
 [1424., 1669.],
 [1538.,  131.],
 [2734., 1839.],
 [2677., 1754.],
 [2478., 1327.],
 [1083., 1241.],
 [2820.,  786.],
 [1652.,  843.],
 [2848., 1327.],
 [1681., 1384.],
 [2763., 1185.],
 [2877., 1156.]]",
"[[ 652.,  329.],
 [ 617.,  338.],
 [ 652.,  519.],
 [ 790.,  804.],
 [ 427.,  675.],
 [ 790., 1020.],
 [ 790., 1020.],
 [ 686.,  234.],
 [ 790.,  796.],
 [ 799.,  787.],
 [1023.,  761.],
 [ 825., 1003.],
 [ 747.,  493.],
 [ 764.,  519.],
 [ 790.,  726.],
 [ 781.,  649.],
 [ 747.,  519.],
 [ 773.,  502.]]",
"[[378., 129.],
 [378., 133.],
 [389., 176.],
 [342., 347.],
 [233., 358.],
 [153., 343.],
 [ 37., 336.],
 [135., 137.],
 [324., 329.],
 [269., 332.],
 [132., 285.],
 [ 52., 282.],
 [298., 173.],
 [284., 205.],
 [291., 234.],
 [266., 274.],
 [157., 205.],
 [ 99., 249.]]",
"[[193., 219.],
 [173., 222.],
 [163., 404.],
 [229., 434.],
 [167., 479.],
 [304., 375.],
 [160., 479.],
 [137., 170.],
 [216., 434.],
 [177., 414.],
 [173., 372.],
 [137., 375.],
 [300., 202.],
 [102., 209.],
 [265., 339.],
 [105., 320.],
 [320., 248.],
 [ 88., 300.]]",
"[[452., 353.],
 [452., 342.],
 [463., 381.],
 [591., 428.],
 [516., 378.],
 [691., 417.],
 [680., 383.],
 [663., 230.],
 [591., 375.],
 [533., 367.],
 [697., 336.],
 [683., 336.],
 [549., 278.],
 [541., 261.],
 [580., 319.],
 [558., 300.],
 [694., 294.],
 [650., 286.]]",
"[[212., 159.],
 [189., 182.],
 [215., 221.],
 [323., 133.],
 [320., 146.],
 [359., 300.],
 [359., 300.],
 [455., 156.],
 [307., 162.],
 [310., 166.],
 [176., 175.],
 [179., 202.],
 [363., 126.],
 [245.,  93.],
 [304., 212.],
 [271., 136.],
 [241., 136.],
 [415., 198.]]",
"[[287., 199.],
 [287., 203.],
 [278., 203.],
 [278., 199.],
 [283., 199.],
 [219., 244.],
 [215., 244.],
 [292., 208.],
 [224., 248.],
 [228., 253.],
 [233., 253.],
 [237., 248.],
 [283., 208.],
 [296., 212.],
 [228., 262.],
 [224., 267.],
 [310., 239.],
 [283., 239.]]",
"[[911., 374.],
 [890., 371.],
 [857., 432.],
 [808., 412.],
 [809., 411.],
 [808., 409.],
 [825., 329.],
 [809., 404.],
 [815., 407.],
 [829., 376.],
 [825., 320.],
 [823., 321.],
 [899., 353.],
 [866., 331.],
 [871., 355.],
 [845., 349.],
 [815., 331.],
 [803., 341.]]",
"[[493., 376.],
 [480., 385.],
 [480., 468.],
 [443., 727.],
 [447., 727.],
 [209., 697.],
 [438., 731.],
 [155., 297.],
 [418., 639.],
 [426., 631.],
 [209., 585.],
 [138., 518.],
 [434., 360.],
 [493., 397.],
 [455., 506.],
 [459., 531.],
 [255., 389.],
 [126., 426.]]",
"[[333., 209.],
 [316., 206.],
 [342., 242.],
 [372., 361.],
 [375., 358.],
 [578., 335.],
 [492., 332.],
 [528.,  54.],
 [375., 308.],
 [378., 305.],
 [578., 248.],
 [531., 251.],
 [414., 149.],
 [357., 125.],
 [399., 242.],
 [372., 188.],
 [578., 176.],
 [510., 146.]]",
"[[124., 180.],
 [127., 169.],
 [144., 202.],
 [185., 255.],
 [185., 255.],
 [371., 316.],
 [346., 277.],
 [307., 105.],
 [188., 249.],
 [191., 246.],
 [357., 235.],
 [344., 227.],
 [205., 160.],
 [202., 133.],
 [208., 207.],
 [210., 182.],
 [341., 180.],
 [305., 169.]]",
"[[281., 254.],
 [294., 245.],
 [281., 309.],
 [414., 442.],
 [414., 437.],
 [505.,  85.],
 [418., 437.],
 [441., 240.],
 [441., 259.],
 [446., 259.],
 [436., 249.],
 [441., 245.],
 [308., 291.],
 [368., 249.],
 [446., 263.],
 [372., 304.],
 [441., 249.],
 [482., 350.]]",
"[[447., 164.],
 [452., 159.],
 [470., 164.],
 [526., 256.],
 [535., 247.],
 [531., 247.],
 [531., 247.],
 [340., 238.],
 [540., 363.],
 [540., 363.],
 [452., 168.],
 [442., 168.],
 [401., 345.],
 [401., 345.],
 [466., 340.],
 [447., 335.],
 [447., 321.],
 [517., 261.]]",
"[[368., 129.],
 [371., 129.],
 [251., 312.],
 [305., 342.],
 [213., 351.],
 [213., 348.],
 [111., 336.],
 [323.,  69.],
 [362., 300.],
 [207., 309.],
 [204., 288.],
 [105., 276.],
 [341., 129.],
 [216., 147.],
 [275., 228.],
 [225., 213.],
 [216., 189.],
 [132., 231.]]",
"[[356., 231.],
 [307., 249.],
 [338., 315.],
 [443., 395.],
 [441., 395.],
 [438., 395.],
 [446., 392.],
 [317., 172.],
 [448., 344.],
 [454., 344.],
 [456., 339.],
 [482., 336.],
 [518., 205.],
 [364., 210.],
 [492., 267.],
 [420., 259.],
 [369., 215.],
 [523., 269.]]",
"[[257., 154.],
 [261., 154.],
 [257., 158.],
 [261., 150.],
 [261., 150.],
 [261., 150.],
 [261., 150.],
 [189., 126.],
 [454., 251.],
 [422., 203.],
 [426., 158.],
 [402., 170.],
 [390., 134.],
 [354., 146.],
 [378., 158.],
 [350., 194.],
 [261., 158.],
 [261., 162.]]",
"[[209., 159.],
 [224., 145.],
 [286., 228.],
 [272., 216.],
 [273., 219.],
 [289., 224.],
 [290., 224.],
 [229., 134.],
 [248., 230.],
 [272., 217.],
 [244., 239.],
 [272., 222.],
 [267., 148.],
 [231., 152.],
 [264., 173.],
 [231., 190.],
 [216., 202.],
 [288., 163.]]",
"[[380., 182.],
 [362., 179.],
 [374., 239.],
 [346., 345.],
 [268., 370.],
 [148., 311.],
 [ 86., 342.],
 [167., 101.],
 [330., 326.],
 [283., 317.],
 [142., 257.],
 [108., 264.],
 [349., 138.],
 [286., 157.],
 [358., 220.],
 [274., 235.],
 [192., 182.],
 [123., 214.]]",
"[[699., 199.],
 [704., 199.],
 [363., 330.],
 [531., 512.],
 [358., 325.],
 [363., 334.],
 [531., 512.],
 [372., 105.],
 [643., 367.],
 [648., 367.],
 [671., 353.],
 [657., 367.],
 [643., 259.],
 [639., 259.],
 [648., 330.],
 [648., 344.],
 [484., 255.],
 [643., 255.]]",
"[[374., 126.],
 [359., 154.],
 [354., 196.],
 [297., 298.],
 [215., 325.],
 [181., 335.],
 [176., 337.],
 [141., 104.],
 [290., 300.],
 [225., 308.],
 [171., 268.],
 [158., 283.],
 [305., 129.],
 [193., 146.],
 [310., 223.],
 [203., 231.],
 [191., 183.],
 [131., 223.]]",
"[[221., 221.],
 [221., 207.],
 [230., 242.],
 [299., 347.],
 [242., 340.],
 [402., 347.],
 [407., 336.],
 [393., 157.],
 [297., 306.],
 [255., 304.],
 [418., 285.],
 [416., 272.],
 [288., 210.],
 [258., 184.],
 [299., 253.],
 [249., 239.],
 [423., 228.],
 [386., 214.]]",
"[[103., 164.],
 [ 73., 128.],
 [ 45., 153.],
 [139., 265.],
 [ 90., 265.],
 [173., 255.],
 [164., 248.],
 [185.,  75.],
 [134., 227.],
 [ 96., 230.],
 [181., 206.],
 [168., 196.],
 [170., 119.],
 [ 94.,  96.],
 [160., 177.],
 [ 84., 176.],
 [208., 147.],
 [151., 136.]]",
"[[ 79., 124.],
 [ 92., 124.],
 [ 80., 128.],
 [109., 166.],
 [111., 166.],
 [109., 164.],
 [111., 164.],
 [232.,  75.],
 [126., 166.],
 [128., 170.],
 [217., 234.],
 [139., 168.],
 [207.,  96.],
 [196., 111.],
 [152., 181.],
 [137., 115.],
 [211., 115.],
 [ 65., 102.]]",
"[[220.,  94.],
 [221.,  93.],
 [229.,  84.],
 [219., 167.],
 [220., 167.],
 [221., 166.],
 [221., 166.],
 [288., 168.],
 [219., 156.],
 [220., 163.],
 [219., 144.],
 [218., 152.],
 [229., 124.],
 [233., 123.],
 [225., 137.],
 [229., 135.],
 [278., 192.],
 [269., 176.]]",
"[[479., 296.],
 [482., 300.],
 [431., 412.],
 [433., 414.],
 [435., 412.],
 [433., 412.],
 [435., 414.],
 [347., 241.],
 [423., 418.],
 [425., 418.],
 [421., 418.],
 [419., 418.],
 [368., 286.],
 [316., 283.],
 [391., 386.],
 [324., 399.],
 [284., 325.],
 [297., 334.]]",
"[[522., 438.],
 [415., 425.],
 [509., 445.],
 [296., 611.],
 [509., 438.],
 [302., 605.],
 [209., 691.],
 [203., 219.],
 [509., 266.],
 [509., 259.],
 [229., 492.],
 [136., 458.],
 [415., 319.],
 [169., 385.],
 [382., 385.],
 [356., 379.],
 [282., 352.],
 [110., 412.]]",
"[[ 952., 1805.],
 [ 582., 1718.],
 [ 604., 2501.],
 [2017., 1849.],
 [2017., 1849.],
 [2518., 1501.],
 [2017., 1849.],
 [1735.,  783.],
 [2170., 1305.],
 [1626., 1784.],
 [2148., 1283.],
 [2170., 1283.],
 [1974., 1109.],
 [ 821., 1805.],
 [1865., 1327.],
 [1256., 1871.],
 [2017., 1044.],
 [1952., 1109.]]",
"[[2038.,  855.],
 [2043.,  855.],
 [2250., 1042.],
 [2260., 1078.],
 [2265., 1083.],
 [2058., 1357.],
 [2058., 1357.],
 [2058., 1373.],
 [2136., 1119.],
 [2255., 1042.],
 [2131., 1109.],
 [2255., 1068.],
 [2105., 1000.],
 [2095., 1000.],
 [2126., 1052.],
 [2183., 1042.],
 [2095., 1042.],
 [2095., 1042.]]",
"[[2038., 2332.],
 [2062., 2332.],
 [2062., 2332.],
 [1653., 1923.],
 [1677., 1923.],
 [1653., 1923.],
 [1389.,  769.],
 [2110., 2164.],
 [1677., 1755.],
 [1629., 1755.],
 [1653., 1803.],
 [1677., 1803.],
 [1340., 1442.],
 [1292., 1466.],
 [1413., 1538.],
 [1389., 1538.],
 [1292., 1466.],
 [1268., 1394.]]",
"[[491., 480.],
 [500., 465.],
 [489., 501.],
 [450., 619.],
 [433., 622.],
 [396., 619.],
 [313., 624.],
 [354., 428.],
 [461., 583.],
 [437., 581.],
 [373., 559.],
 [321., 551.],
 [457., 469.],
 [491., 482.],
 [487., 516.],
 [403., 514.],
 [377., 482.],
 [317., 488.]]",
"[[678., 315.],
 [682., 311.],
 [379., 371.],
 [473., 216.],
 [473., 216.],
 [375., 368.],
 [375., 371.],
 [367., 159.],
 [458., 231.],
 [473., 227.],
 [667., 326.],
 [640., 326.],
 [591., 216.],
 [371., 280.],
 [534., 250.],
 [466., 273.],
 [398., 205.],
 [572., 224.]]",
"[[ 765.,  489.],
 [ 786.,  489.],
 [ 850.,  595.],
 [ 850.,  584.],
 [ 871.,  574.],
 [ 372., 1189.],
 [ 362., 1189.],
 [ 308.,  616.],
 [ 850.,  605.],
 [ 860.,  595.],
 [ 850.,  584.],
 [ 860.,  605.],
 [ 648.,  648.],
 [ 712.,  659.],
 [ 691.,  712.],
 [ 786.,  659.],
 [ 797.,  616.],
 [ 765.,  616.]]",
"[[1209.,  604.],
 [1206.,  597.],
 [1235.,  593.],
 [1235.,  593.],
 [1239.,  593.],
 [1235.,  593.],
 [1239.,  593.],
 [1243.,  590.],
 [1195.,  604.],
 [1232.,  586.],
 [1187.,  604.],
 [1209.,  597.],
 [1316.,  365.],
 [1291.,  390.],
 [1206.,  538.],
 [1143.,  501.],
 [1036.,  435.],
 [1102.,  457.]]",
"[[1132., 1041.],
 [1142., 1051.],
 [1251., 1436.],
 [1023., 1703.],
 [1023., 1703.],
 [1033., 1703.],
 [1033., 1703.],
 [1330., 1110.],
 [1280., 1436.],
 [1270., 1436.],
 [1280., 1446.],
 [1251., 1466.],
 [1340., 1318.],
 [1320., 1328.],
 [1419., 1338.],
 [1330., 1367.],
 [1340., 1377.],
 [1419., 1298.]]",
"[[ 278., 1008.],
 [ 361.,  925.],
 [ 222., 1595.],
 [1171., 2545.],
 [1199., 2545.],
 [ 306.,  869.],
 [ 306.,  897.],
 [2093.,  785.],
 [1227., 2405.],
 [1199., 2405.],
 [1618., 1064.],
 [1618., 1064.],
 [ 948., 1232.],
 [1088.,  980.],
 [1367., 1707.],
 [ 976., 1679.],
 [1339., 1008.],
 [1758., 1064.]]",
"[[1546.,  432.],
 [1536.,  432.],
 [1619.,  474.],
 [ 805.,  871.],
 [ 805.,  871.],
 [ 815.,  871.],
 [ 815.,  881.],
 [ 826.,  255.],
 [1379.,  808.],
 [1390.,  798.],
 [1473.,  558.],
 [1442.,  798.],
 [1442.,  589.],
 [1410.,  589.],
 [1431.,  683.],
 [1431.,  756.],
 [1024.,  547.],
 [1431.,  537.]]",
"[[420., 148.],
 [424., 162.],
 [402., 204.],
 [367., 323.],
 [367., 323.],
 [147., 295.],
 [143., 305.],
 [143., 109.],
 [350., 309.],
 [287., 305.],
 [140., 221.],
 [101., 239.],
 [329., 137.],
 [304., 204.],
 [304., 207.],
 [280., 270.],
 [182., 172.],
 [126., 246.]]",
"[[135., 212.],
 [130., 243.],
 [164., 204.],
 [196., 230.],
 [191., 249.],
 [191., 249.],
 [164., 203.],
 [194., 234.],
 [184., 230.],
 [180., 244.],
 [182., 246.],
 [178., 249.],
 [133., 226.],
 [134., 239.],
 [166., 219.],
 [152., 232.],
 [174., 249.],
 [183., 228.]]",
"[[517., 383.],
 [484., 411.],
 [512., 483.],
 [357., 621.],
 [302., 616.],
 [302., 616.],
 [174., 627.],
 [191., 218.],
 [346., 544.],
 [313., 538.],
 [197., 483.],
 [174., 494.],
 [390., 295.],
 [302., 356.],
 [384., 411.],
 [290., 461.],
 [252., 312.],
 [141., 367.]]",
"[[510., 211.],
 [471., 204.],
 [503., 268.],
 [459., 464.],
 [430., 470.],
 [379., 441.],
 [234., 477.],
 [302., 140.],
 [449., 406.],
 [427., 416.],
 [340., 355.],
 [234., 371.],
 [491., 204.],
 [372., 195.],
 [481., 297.],
 [375., 307.],
 [356., 236.],
 [254., 265.]]",
"[[447., 172.],
 [462., 176.],
 [447., 226.],
 [412., 361.],
 [323., 369.],
 [164., 373.],
 [168., 377.],
 [157., 106.],
 [389., 342.],
 [323., 327.],
 [122., 284.],
 [130., 303.],
 [335., 153.],
 [362., 180.],
 [335., 226.],
 [346., 265.],
 [164., 199.],
 [130., 226.]]",
"[[244., 187.],
 [209., 199.],
 [227., 240.],
 [351., 388.],
 [239., 397.],
 [469., 373.],
 [377., 379.],
 [224.,  93.],
 [330., 341.],
 [259., 373.],
 [457., 282.],
 [395., 290.],
 [383., 128.],
 [236., 146.],
 [365., 249.],
 [236., 246.],
 [469., 196.],
 [377., 172.]]",
"[[397., 350.],
 [401., 348.],
 [418., 363.],
 [360., 424.],
 [353., 417.],
 [365., 444.],
 [362., 437.],
 [386., 311.],
 [377., 443.],
 [364., 426.],
 [281., 470.],
 [362., 422.],
 [303., 443.],
 [299., 422.],
 [343., 392.],
 [316., 439.],
 [288., 485.],
 [394., 397.]]",
"[[191., 158.],
 [186., 155.],
 [211., 153.],
 [186., 146.],
 [186., 146.],
 [212., 171.],
 [212., 171.],
 [155., 110.],
 [187., 143.],
 [186., 145.],
 [193.,  90.],
 [192.,  97.],
 [215.,  98.],
 [186., 126.],
 [199., 140.],
 [185., 138.],
 [241.,  99.],
 [232., 104.]]",
"[[905., 479.],
 [703., 928.],
 [703., 937.],
 [711., 919.],
 [711., 919.],
 [711., 919.],
 [720., 919.],
 [782., 303.],
 [896., 778.],
 [914., 778.],
 [931., 761.],
 [905., 778.],
 [729., 453.],
 [914., 514.],
 [931., 769.],
 [923., 558.],
 [940., 558.],
 [931., 629.]]",
"[[ 52.,  58.],
 [ 69.,  58.],
 [ 52., 114.],
 [369., 286.],
 [108., 427.],
 [365., 290.],
 [369., 290.],
 [ 78.,  41.],
 [322., 217.],
 [318., 217.],
 [339., 114.],
 [335., 110.],
 [177., 136.],
 [117., 123.],
 [198., 209.],
 [322., 144.],
 [125., 140.],
 [ 44., 166.]]",
"[[311., 229.],
 [311., 224.],
 [319., 272.],
 [388., 403.],
 [351., 406.],
 [599., 406.],
 [530., 406.],
 [519., 178.],
 [382., 395.],
 [359., 400.],
 [588., 340.],
 [548., 335.],
 [425., 244.],
 [357., 224.],
 [411., 323.],
 [354., 298.],
 [582., 283.],
 [502., 258.]]",
"[[279., 362.],
 [174., 322.],
 [306., 438.],
 [209., 561.],
 [151., 552.],
 [297., 549.],
 [215., 558.],
 [192., 269.],
 [198., 526.],
 [162., 520.],
 [276., 470.],
 [238., 488.],
 [250., 330.],
 [139., 339.],
 [285., 400.],
 [133., 421.],
 [291., 397.],
 [142., 348.]]",
"[[635., 234.],
 [635., 234.],
 [635., 243.],
 [635., 226.],
 [635., 226.],
 [635., 226.],
 [635., 226.],
 [364., 217.],
 [635., 251.],
 [643., 251.],
 [651., 259.],
 [592., 276.],
 [618., 276.],
 [592., 276.],
 [651., 285.],
 [618., 293.],
 [651., 268.],
 [533., 293.]]",
"[[205., 109.],
 [ 96.,  69.],
 [ 84.,  87.],
 [161., 168.],
 [161., 168.],
 [159., 170.],
 [159., 170.],
 [182.,  73.],
 [158., 151.],
 [177., 163.],
 [178., 163.],
 [ 84.,  78.],
 [159., 100.],
 [123.,  81.],
 [154., 136.],
 [105., 125.],
 [112.,  85.],
 [ 93.,  82.]]",
"[[347., 424.],
 [229., 445.],
 [222., 667.],
 [632., 744.],
 [375., 820.],
 [646., 751.],
 [382., 813.],
 [653.,  83.],
 [438., 820.],
 [368., 764.],
 [681., 674.],
 [612., 674.],
 [605., 250.],
 [361., 208.],
 [598., 500.],
 [375., 472.],
 [751., 431.],
 [535., 354.]]",
"[[359., 176.],
 [327., 186.],
 [318., 228.],
 [231., 324.],
 [228., 327.],
 [113., 311.],
 [110., 317.],
 [ 94., 119.],
 [215., 314.],
 [225., 317.],
 [110., 234.],
 [ 55., 276.],
 [257., 132.],
 [203., 221.],
 [219., 212.],
 [199., 279.],
 [145., 164.],
 [ 68., 253.]]",
"[[393., 133.],
 [404., 133.],
 [420., 167.],
 [343., 348.],
 [303., 348.],
 [119., 348.],
 [119., 351.],
 [149., 117.],
 [326., 318.],
 [296., 308.],
 [102., 271.],
 [ 89., 274.],
 [306., 157.],
 [323., 167.],
 [300., 217.],
 [306., 241.],
 [146., 197.],
 [112., 207.]]",
"[[533., 477.],
 [545., 470.],
 [556., 522.],
 [600., 651.],
 [648., 647.],
 [880., 639.],
 [799., 643.],
 [802., 378.],
 [611., 595.],
 [637., 595.],
 [861., 555.],
 [821., 562.],
 [622., 444.],
 [633., 419.],
 [633., 525.],
 [633., 489.],
 [832., 492.],
 [791., 466.]]",
"[[126.,  84.],
 [106.,  85.],
 [ 80.,  75.],
 [136., 161.],
 [108., 161.],
 [221., 164.],
 [179., 165.],
 [183.,  60.],
 [132., 158.],
 [112., 159.],
 [218., 137.],
 [185., 143.],
 [148.,  88.],
 [ 99.,  84.],
 [146., 128.],
 [100., 115.],
 [210., 107.],
 [172.,  98.]]",
"[[111., 524.],
 [118., 517.],
 [125., 643.],
 [118., 643.],
 [125., 643.],
 [104., 636.],
 [111., 643.],
 [421., 221.],
 [470., 664.],
 [294., 692.],
 [505., 622.],
 [477., 629.],
 [224., 348.],
 [280., 320.],
 [484., 460.],
 [273., 481.],
 [519., 397.],
 [519., 390.]]",
"[[262., 214.],
 [236., 230.],
 [338., 240.],
 [238., 343.],
 [236., 343.],
 [301., 347.],
 [264., 332.],
 [297., 206.],
 [262., 323.],
 [227., 327.],
 [312., 303.],
 [188., 173.],
 [275., 197.],
 [195., 206.],
 [327., 260.],
 [202., 260.],
 [325., 260.],
 [191., 175.]]",
"[[1250.,  382.],
 [1266.,  382.],
 [ 827., 1621.],
 [ 811., 1637.],
 [ 827., 1621.],
 [ 827., 1621.],
 [ 827., 1621.],
 [1187.,  304.],
 [1344., 1072.],
 [1297., 1041.],
 [ 811., 1260.],
 [1564.,  743.],
 [1297.,  649.],
 [1438.,  586.],
 [1266.,  900.],
 [1234.,  853.],
 [ 936.,  978.],
 [1140.,  994.]]",
"[[373., 148.],
 [376., 149.],
 [330., 191.],
 [272., 201.],
 [272., 201.],
 [272., 200.],
 [272., 201.],
 [376., 112.],
 [322., 184.],
 [330., 181.],
 [243., 146.],
 [369., 161.],
 [351., 113.],
 [295., 105.],
 [338., 172.],
 [283., 167.],
 [270., 118.],
 [347., 132.]]",
"[[343., 129.],
 [343., 132.],
 [366., 178.],
 [284., 365.],
 [241., 367.],
 [185., 357.],
 [182., 357.],
 [172.,  96.],
 [277., 308.],
 [249., 311.],
 [195., 249.],
 [177., 275.],
 [318., 162.],
 [210., 150.],
 [307., 237.],
 [213., 232.],
 [223., 178.],
 [139., 185.]]",
"[[351., 458.],
 [418., 313.],
 [399., 390.],
 [182., 535.],
 [182., 535.],
 [186., 540.],
 [182., 540.],
 [157., 110.],
 [322., 458.],
 [380., 317.],
 [138., 433.],
 [ 85., 501.],
 [365., 216.],
 [346., 163.],
 [365., 255.],
 [365., 245.],
 [201., 250.],
 [ 75., 351.]]",
"[[175., 148.],
 [175., 141.],
 [196., 168.],
 [226., 178.],
 [226., 178.],
 [329., 166.],
 [301., 155.],
 [301.,  83.],
 [226., 157.],
 [225., 155.],
 [327., 140.],
 [306., 143.],
 [219., 109.],
 [223.,  97.],
 [228., 134.],
 [232., 120.],
 [315., 124.],
 [295., 109.]]",
"[[154., 141.],
 [157., 134.],
 [136., 195.],
 [299., 408.],
 [271., 408.],
 [481., 411.],
 [456., 411.],
 [441.,  92.],
 [310., 372.],
 [264., 369.],
 [491., 315.],
 [473., 308.],
 [317., 177.],
 [235., 163.],
 [324., 266.],
 [235., 262.],
 [498., 241.],
 [417., 205.]]",
"[[ 390.,  374.],
 [ 398.,  382.],
 [ 398.,  406.],
 [ 765.,  708.],
 [ 724.,  724.],
 [1001.,  235.],
 [1001.,  235.],
 [ 382.,  203.],
 [ 659.,  683.],
 [ 822.,  708.],
 [ 854.,  211.],
 [ 846.,  194.],
 [ 789.,  455.],
 [ 773.,  431.],
 [ 822.,  691.],
 [ 773.,  585.],
 [ 300.,  520.],
 [ 414.,  797.]]",
"[[248., 361.],
 [244., 361.],
 [260., 394.],
 [218., 518.],
 [164., 527.],
 [103., 544.],
 [ 52., 544.],
 [105., 359.],
 [214., 487.],
 [168., 497.],
 [ 97., 495.],
 [ 63., 491.],
 [218., 384.],
 [153., 403.],
 [225., 434.],
 [153., 462.],
 [120., 422.],
 [ 67., 445.]]",
"[[643., 286.],
 [644., 288.],
 [721., 304.],
 [583., 383.],
 [632., 366.],
 [735., 410.],
 [735., 410.],
 [672., 277.],
 [630., 377.],
 [632., 364.],
 [670., 428.],
 [706., 426.],
 [655., 312.],
 [664., 306.],
 [652., 335.],
 [659., 334.],
 [715., 423.],
 [728., 375.]]",
"[[486., 140.],
 [451., 122.],
 [386., 198.],
 [336., 173.],
 [339., 173.],
 [296.,  90.],
 [429., 327.],
 [526., 180.],
 [350., 169.],
 [346., 173.],
 [246., 345.],
 [242., 352.],
 [451., 140.],
 [458., 191.],
 [400., 205.],
 [415., 212.],
 [221., 324.],
 [285., 277.]]",
"[[361., 291.],
 [133., 147.],
 [138., 291.],
 [456., 737.],
 [294., 470.],
 [450., 737.],
 [450., 737.],
 [483., 336.],
 [305., 481.],
 [316., 481.],
 [533., 692.],
 [300., 225.],
 [422., 381.],
 [439., 353.],
 [400., 414.],
 [389., 397.],
 [545., 525.],
 [444., 464.]]",
"[[1511., 1158.],
 [1175., 1158.],
 [1175., 1211.],
 [1175., 2255.],
 [1193., 2272.],
 [1210., 2272.],
 [1228., 2272.],
 [2130.,  787.],
 [1723., 1919.],
 [1723., 1901.],
 [1564., 1600.],
 [2130., 1335.],
 [1847., 1158.],
 [2077.,  999.],
 [1882., 1530.],
 [1794., 1335.],
 [1882., 1087.],
 [2059., 1141.]]",
"[[ 88.,  93.],
 [ 86.,  91.],
 [ 68., 125.],
 [156., 289.],
 [140., 281.],
 [239., 259.],
 [205., 265.],
 [221.,  75.],
 [160., 249.],
 [148., 249.],
 [233., 208.],
 [209., 212.],
 [185., 123.],
 [116., 132.],
 [185., 190.],
 [122., 186.],
 [251., 150.],
 [193., 138.]]",
"[[515., 267.],
 [428., 257.],
 [561., 464.],
 [566., 455.],
 [566., 455.],
 [566., 459.],
 [566., 459.],
 [267., 285.],
 [538., 547.],
 [547., 547.],
 [543., 547.],
 [534., 547.],
 [488., 446.],
 [405., 368.],
 [479., 459.],
 [410., 436.],
 [382., 400.],
 [350., 432.]]",
"[[682., 419.],
 [676., 403.],
 [685., 448.],
 [609., 598.],
 [609., 598.],
 [487., 557.],
 [487., 557.],
 [494., 247.],
 [599., 515.],
 [596., 528.],
 [404., 304.],
 [388., 317.],
 [609., 336.],
 [570., 359.],
 [596., 400.],
 [551., 429.],
 [465., 301.],
 [430., 291.]]",
"[[325., 133.],
 [305., 110.],
 [402., 161.],
 [330., 370.],
 [239., 361.],
 [242., 358.],
 [137., 347.],
 [174., 104.],
 [316., 352.],
 [308., 350.],
 [222., 295.],
 [131., 281.],
 [368., 153.],
 [234., 161.],
 [356., 244.],
 [259., 261.],
 [216., 184.],
 [137., 227.]]",
"[[311., 159.],
 [298., 159.],
 [311., 198.],
 [436., 356.],
 [319., 356.],
 [506., 362.],
 [504., 359.],
 [498.,  91.],
 [418., 299.],
 [340., 307.],
 [516., 281.],
 [509., 265.],
 [413., 143.],
 [322., 162.],
 [426., 214.],
 [314., 227.],
 [537., 188.],
 [467., 177.]]",
"[[1940., 1146.],
 [1570., 1146.],
 [1732., 1609.],
 [1547., 2419.],
 [1315., 2372.],
 [ 482., 2442.],
 [ 482., 2419.],
 [ 644.,  475.],
 [1523., 2419.],
 [1384., 2419.],
 [ 343., 2187.],
 [ 320., 2187.],
 [1639.,  914.],
 [1130., 1007.],
 [1709., 1701.],
 [1222., 1748.],
 [ 875., 1169.],
 [ 366., 1400.]]",
"[[542., 479.],
 [415., 487.],
 [400., 487.],
 [400., 472.],
 [415., 479.],
 [280., 806.],
 [273., 806.],
 [557., 167.],
 [415., 458.],
 [408., 373.],
 [294., 636.],
 [464., 224.],
 [571., 359.],
 [429., 309.],
 [542., 487.],
 [400., 401.],
 [592., 316.],
 [109., 543.]]",
"[[354.,  91.],
 [325.,  99.],
 [375., 165.],
 [247., 474.],
 [140., 478.],
 [140., 478.],
 [136., 478.],
 [132.,  83.],
 [235., 461.],
 [202., 461.],
 [132., 383.],
 [ 54., 383.],
 [334., 173.],
 [190., 173.],
 [321., 285.],
 [177., 297.],
 [173., 227.],
 [ 42., 243.]]",
"[[394., 302.],
 [399., 302.],
 [399., 305.],
 [419., 373.],
 [401., 302.],
 [401., 302.],
 [421., 375.],
 [314., 293.],
 [392., 307.],
 [394., 307.],
 [387., 300.],
 [381., 302.],
 [410., 311.],
 [405., 309.],
 [401., 311.],
 [405., 313.],
 [356., 302.],
 [350., 313.]]",
"[[126., 136.],
 [123., 139.],
 [115., 136.],
 [134., 133.],
 [134., 132.],
 [ 92., 127.],
 [ 92., 127.],
 [139.,  91.],
 [134., 132.],
 [132., 132.],
 [ 93., 113.],
 [ 88., 115.],
 [132.,  97.],
 [140.,  93.],
 [127., 111.],
 [120., 125.],
 [106., 102.],
 [ 94., 106.]]",
"[[307., 255.],
 [321., 255.],
 [312., 319.],
 [239., 482.],
 [244., 482.],
 [249., 477.],
 [249., 473.],
 [126., 142.],
 [217., 414.],
 [239., 409.],
 [104., 373.],
 [104., 391.],
 [212., 187.],
 [249., 215.],
 [208., 283.],
 [244., 310.],
 [ 90., 242.],
 [ 72., 246.]]",
"[[263., 196.],
 [265., 190.],
 [277., 208.],
 [293., 211.],
 [317., 211.],
 [397., 213.],
 [375., 210.],
 [369., 129.],
 [297., 204.],
 [313., 199.],
 [394., 191.],
 [383., 185.],
 [302., 160.],
 [307., 140.],
 [310., 184.],
 [314., 162.],
 [380., 176.],
 [362., 154.]]",
